timestamp,px,py,pz,vx,vy,vz,yaw,pitch,roll
1762899119.6382737,-0.004254610665876233,-0.014598365765875365,3.9244418206631266,-0.0457734500532644,-0.15924785889095408,10.028588453556452,0.0,0.0,0.0
1762899120.959973,-0.338060625941177,-1.1675666156122815,34.12440228470697,-0.46917868216667297,-1.6001887965097104,35.792272309865794,0.0,0.0,0.0
1762899121.6748605,-0.7533571105593967,-2.5816205788665663,64.4729873529314,-0.7000178079468957,-2.3830120396502648,49.70102573414065,0.0,0.0,0.0
1762899121.9263701,-0.9384587953822213,-3.21177188860932,77.51072026425537,-0.7809789809812242,-2.6578947219361204,54.599731551418884,0.0,0.0,0.0
1762899122.1674457,-1.1352270855978999,-3.881625030978239,91.17880931378491,-0.859173515412677,-2.9245014399620484,59.30124879538364,0.0,0.0,0.0
1762899122.5103025,-1.4556345616556599,-4.973135550972817,113.13364233412317,-0.9707621054054971,-3.310774340199494,66.15536849621519,0.0,0.0,0.0
1762899122.7896502,-1.7401138118831019,-5.943250143885349,132.42461691635097,-1.0618618543648377,-3.6186710064582144,71.6367706366395,0.0,0.0,0.0
1762899123.0670052,-2.0385763237615064,-6.960406359625876,152.48065724906607,-1.1485574256780482,-3.9160248260906516,76.92713557637776,0.0,0.0,0.0
1762899123.4792387,2.180483136832957,2.635703917815246,3.6365843593165805,-1.1030117341276175,-2.9261971163178857,34.57694916405269,-0.052531523802982524,0.14104100711591017,-0.15939783634745422
1762899123.7189965,2.6315170250304365,3.349948646209653,4.518638247159929,0.2828838950624634,-0.20343744783670792,21.148606485236737,-57.02838974110095,-17.551863790663386,149.7769825908021
1762899123.9746883,3.499809004120412,3.2569827323142375,4.369125326295765,-0.22807471646012592,-0.12788052608475056,14.074170827658314,16.35354577951064,9.310984655083578,0.2444977753005138
1762899124.2838268,3.110157954001226,4.228385227890409,3.204660638275571,-0.6015720668709093,1.2887624580459032,10.612375616236443,0.0319133073237809,2.122404271231526,-6.822019691635459
1762899124.5319717,3.049031718058702,4.435105030307144,2.8812859563107778,-0.46552863155355845,1.137327824253768,10.23189811943677,-0.02779890097812879,2.11837720915638,-6.816277081823363
1762899124.7692444,3.0563914145679214,4.394850591658899,2.8572188808466876,-0.2751334642901571,0.6818047582268155,10.345492738567554,-0.04056524416099957,2.1318042772200503,-6.839459872221752
1762899125.0154338,3.0780724420508863,4.34336208755782,2.955893681201719,-0.13331658757373777,0.37763878019030556,10.582977049136712,-0.046284161118275435,2.320222888199114,-7.163053943963703
1762899125.2665558,3.1429795157974607,4.316822830607786,2.989888918437052,0.021303964880566566,0.2128789588285216,10.624854768663612,-0.02103583537987659,2.1563873756415908,-6.881488435288172
1762899125.501858,3.1681667050635887,4.261679494410399,3.030667640451651,0.06904454756411398,0.08985819040874558,10.686134192072185,-0.02440213975798353,2.5673980480265124,-7.587121454037232
1762899125.7361386,3.1509947941778713,4.273329891251419,2.883766165885479,0.026483279261734178,0.0990156210667539,10.394988757172419,0.016085220652115227,2.354639239031887,-7.221174210975794
1762899125.967375,3.109290161636809,4.284095147466072,2.90961340945173,-0.03229651641859014,0.11466176771211342,10.487300094499592,0.009466689489546905,2.1374165847484186,-6.848675428433911
1762899126.223892,3.0941474479309727,4.320918988581936,3.088176710511205,-0.030866012401597878,0.14040499501707382,10.828037866819242,-0.0058880253119656945,2.124358828887991,-6.826377405036418
1762899126.6029377,3.08500452595605,4.343907161422247,3.0052849055066972,-0.011010169922124335,0.12345463985933071,10.623115779182244,-0.004411719525514908,2.149527954971108,-6.869561462323333
1762899126.8620615,3.079364038215431,4.3291557032432975,2.9815846603811047,0.0007898847480349705,0.07048894691429644,10.747179319831622,-0.01935173945648876,2.33756229048051,-7.1923861922197245
1762899127.1203268,3.135675874770222,4.274809481335377,3.1121255285781686,0.10497018014908716,-0.001862054256933839,10.964580892582454,-0.009334516188277436,2.052718227661662,-6.703504693389985
1762899127.5308127,3.0338989492067117,4.194390191000031,3.048314327706204,-0.11276388193502514,-0.10525960204496654,10.80659097883927,-0.015253857721751755,1.8622360946413314,-6.375899570873439
1762899127.7804031,2.99343473273852,4.173448368286372,2.3292174026666737,-0.11978485625490773,-0.09554844787251457,9.639095187063983,-0.364262373039175,2.1186048853647734,-6.8283167093567965
1762899128.0462644,3.009784989218934,4.1696108279224475,2.497184248565974,-0.046942944537802324,-0.06565138547860935,9.90243142613652,-0.03423045784050463,1.878899782192158,-6.404580978758147
1762899128.313173,2.9763382164144385,4.1998565928082146,2.5002768987217094,-0.086673336575557,0.0012406331260498163,9.774700290291198,-0.045012391943207476,1.8844494699029806,-6.410396935672911
1762899128.571841,2.968321566437198,4.190477720324784,2.378337828120348,-0.06598686169089656,-0.01834096624928968,9.555847523703608,-0.09005202009012375,1.726016310939964,-6.140216741826564
1762899128.8334603,2.9832950694699076,4.1736000687777945,2.3814924470534065,-0.014952836168471949,-0.03757731149062558,9.570819073076807,-0.1348815146584238,2.1358638147192894,-5.736959336160398
1762899129.1187923,2.996768657637451,4.188147978779414,2.6233090170464326,0.02635197968901951,0.003333635137569225,10.03907123037942,-0.04817398434329784,1.956055058995691,-6.539940181132549
1762899129.390308,3.021135433706876,4.184620077127555,2.6006001440362807,0.051317851164161266,-0.0032320020683522088,9.926668916060713,-0.08201672320186726,1.8729766463211375,-6.3872131889976815
1762899129.6518583,3.0067931856976178,4.225373848953579,2.5921301857318446,-0.0056629756956012665,0.06460123481301815,9.859582692156982,-0.15607074973579294,1.8545181560034374,-6.348752194397032
1762899129.9043324,2.9785248687286794,4.2442952585010625,2.452264457803872,-0.05122423405947173,0.06491360126714953,9.573395605965796,-0.08945924141936876,1.8277917092840699,-6.311661433363133
1762899130.1672544,2.986156471624315,4.229075428820593,2.531108394281081,-0.0065963607919322445,0.011372483280641726,9.751053624467575,-0.05301730367796164,1.979474609430391,-6.579406391551241
1762899130.423326,2.9876083388790584,4.204488261911423,2.427613798944921,-0.005505152555957244,-0.03873021024959908,9.544864472598823,-0.045843824895368285,1.8253200767177193,-6.312128085885337
1762899130.70945,2.9974834527836123,4.1986086522426875,2.4337122393681385,0.005020580150699738,-0.034563357081055415,9.587872297808211,-0.06394489804992998,1.907197107474527,-6.460528268374231
1762899130.9653547,2.978370224694147,4.213750033511049,2.309256623276324,0.0010955346992918313,-0.02516285437763217,9.430316127291057,9.163699805063937,2.012250537008464,-5.301837560878109
1762899131.2246377,3.004429813989254,4.205488381457211,2.325671860861473,0.05016107575879371,-0.0340639682231912,9.46580305074374,-0.06928964793347488,1.924609495795052,-6.484752816711642
1762899131.489658,3.021675788555467,4.193406115661913,2.219789833805527,0.05495581052376775,-0.03602448797483727,9.243353107581688,-0.19567341792893078,1.6971549840759355,-6.0830481485118995
1762899131.7514067,3.0424636541128796,4.182233856502042,2.472328512436136,0.05519215972327402,-0.04487238472787792,9.727768228822429,-0.1514715653662694,1.7156637525459386,-6.120635399635128
1762899131.9981956,3.035336678488709,4.165687907711693,2.3004085102504437,0.019689946190229273,-0.0617055340246856,9.31278348889527,-0.2773424179268069,1.9004668040464312,-6.465107941588467
1762899132.2513893,3.006728036450501,4.183608311035588,2.4063292671404493,-0.03275488349306289,-0.015553081619385371,9.552084665626893,0.1402281826925608,1.9559711531731774,-6.495530860140798
1762899132.5191224,2.9707856065876688,4.1764762301271245,2.5317394268670177,-0.08847503819228501,-0.02572547229223487,9.813950176302635,-0.08238947393652189,1.6475862118059799,-6.005742216727927
1762899132.771392,2.9583439056077765,4.163307844526724,2.3268126101396596,-0.06997416194332194,-0.030938712971609845,9.474768988519521,-0.06424589006929762,1.8509675245641446,-6.356042329324908
1762899133.0257516,2.9484040227226505,4.184373686181959,2.361362080661331,-0.05963241540611489,0.017779352931473293,9.585328716293487,-0.06816311812130209,1.98102809275221,-6.582366448164566
1762899133.2829359,2.9453272573530525,4.206016247882325,2.3298631311556677,-0.047766201890964824,0.03173003118349528,9.542319758988732,-0.08433742795918604,1.7181052175364346,-6.126753302002882
1762899133.5333502,2.979633887123179,4.21211505522383,2.3355620090608378,0.029889881310690647,0.02865788677262573,9.558379213501505,-0.060839814437539406,2.1434679374634014,-5.850199321862202
1762899133.787819,2.9647868128412127,4.222324158939487,2.3591476440330554,-0.008742445819094384,0.028218521802626052,9.591100075927123,-0.0586383453905829,1.8356852756224975,-6.329798124169627
1762899134.0435493,2.954331617950295,4.238518171702972,2.3550469433013514,-0.01682656164268458,0.03947839426907617,9.608539910970606,-0.057400974225862496,1.8846351516264026,-6.416394839479462
1762899134.299664,2.97238998065885,4.22537574974755,2.3764623944902383,0.018774775475388705,0.0008853315119309125,9.682313689395041,-0.06670426614139094,1.8887546167109095,-6.416144803462505
1762899134.551566,2.9810716612911086,4.191210065788229,2.4430152403164263,0.023763646687077235,-0.0627209656671498,9.79582048117686,-0.07059918922756885,1.8951483010888437,-6.4316118736243055
1762899134.8117182,2.9733230934254196,4.187335799489063,2.393294528780354,-0.007239447801543733,-0.04100621192307371,9.67637288397884,-0.07604963294098896,1.761752442053617,-6.202271447525953
1762899135.0618398,2.9649467811208527,4.166048954674979,2.3804575679376994,-0.017669459126898428,-0.06494248693666616,9.579841106725347,-0.20756169567717597,2.037169927397041,-6.682020137746393
1762899135.3118212,2.9855299151659853,4.163167082055584,2.4675113420301256,0.02008254194025336,-0.043419344967057794,9.713184170656879,-0.07740683388836497,1.824242209292524,-6.306569752260444
1762899135.5605862,3.0039585468534686,4.1585337571968,2.6748358779300028,0.03674333300821227,-0.040255757424747296,10.091858322094932,-0.02692596967617766,1.885497217572811,-6.4191507792021385
1762899135.8060908,3.0065514026925246,4.160723684787222,2.4004107862247865,0.033680029462558735,-0.019596768388964663,9.488126267576211,-0.19785343976084713,2.013820780712696,-6.6503896088248045
1762899136.0548062,2.9775824503966772,4.166102024943588,2.462713816619558,-0.029305104734124406,-0.0015669923035535973,9.614063050369428,-0.05615343616612922,1.8953303870239184,-6.4323464750540635
1762899136.3144374,2.94205945913026,4.213551444494147,2.445762038235738,-0.07185676275796245,0.07552768627232447,9.562084770461768,-0.015569373304247642,1.8380919670129094,-6.334902441097234
1762899136.5667577,2.9692034911463696,4.218391760987138,2.320938604956995,0.010035976286270577,0.05692843443244559,9.34480971890485,-0.07418996194269846,1.9865388878112056,-6.591940105895502
1762899136.824616,3.003478098961275,4.221890486038437,2.4211984222681986,0.06323916220721433,0.04311337749117777,9.549509023354183,-0.06344064676347971,1.8866664285066401,-6.420107845966752
1762899137.0831397,2.9770509033073345,4.226235351805639,2.3930240699953016,-0.005500052936053505,0.024575124311375204,9.53642660719829,-0.04346339290731185,1.930261869439017,-6.494181834320393
1762899137.3321006,2.951820870598407,4.21598530922324,2.350121659944229,-0.048101464871508494,-0.0026550921079102788,9.480622704822997,-0.06544201503300985,1.8737830264305273,-6.393789382636893
1762899137.574234,2.946852133757327,4.175568857337075,2.250269287215611,-0.041159909122200015,-0.0749470530739294,9.328104768590636,-0.08803189134906451,1.7458573765026002,-6.174244480332246
1762899137.810627,2.944506679675727,4.139689741308827,2.2319498524825474,-0.032990625522240725,-0.10647562428735874,9.322584711835487,-0.10478364505478785,1.75867552955832,-6.195873482075207
1762899138.0626557,2.9379929930714415,4.161221428693306,2.3262575622501314,-0.028969061685368877,-0.030003492674237603,9.5421835215698,-0.14262780548981588,1.7838736913364068,-6.2329789083547915
1762899138.3240395,2.948107224810549,4.1849780444569795,2.3615701872333603,0.002752533527132135,0.02155956125754139,9.62261778462478,-0.0586278518339649,1.8548342758899528,-6.358189513827771
1762899138.5813723,2.9747852058983795,4.196572405675735,2.371657001384355,0.03923041602756658,0.036560408547512406,9.645389659240125,-0.0438779239079715,1.9423434742939474,-6.516213112240344
1762899138.8419783,2.944378596050169,4.219381058693684,2.3975735386168173,-0.026453220924007852,0.05081937976856426,9.688246696685816,-0.07432787834802643,1.7370431817407908,-6.159773170021082
1762899139.099904,2.9629993080536754,4.229853698958813,2.432781230102504,0.00914464365507871,0.04451206777093704,9.762611103631873,-0.03248203592490162,1.8891082904496606,-6.421419130289979
1762899139.353557,2.936076243040108,4.251884645770321,2.299912257910631,-0.037939530585465786,0.06118606079551082,9.46669537904279,-0.03769256495138462,1.7388356742823423,-6.16401698344792
1762899139.5983853,2.9796890898809507,4.29230600444966,2.583315942961468,0.0570584191378546,0.1086335612326051,10.04022140433721,-0.035445485873282355,2.0201963251221433,-6.648136001526009
1762899139.8526773,2.949856290925821,4.2467219336300825,2.260706952553002,-0.009050384381117122,-0.011201287866482173,9.444288347417134,-0.11365846578709723,1.98945319159784,-6.604298307410538
1762899140.1120584,2.9650364785923937,4.217874126408275,2.3917418585330905,0.019489501356578006,-0.04495477231649585,9.731533334638037,-0.041890556107306236,1.8772063108713808,-6.403339676117215
1762899140.3644376,2.99798260261754,4.215658173979092,2.30169816565177,0.06319341437185338,-0.03763995580851118,9.493135336418664,-0.10334338604243894,1.7299204144616498,-6.14644277861175
1762899140.6345212,3.032690562194489,4.210731846122875,2.545387124658889,0.08828572251899464,-0.025433879817813372,9.996836370304656,-0.07730341316988598,1.843066750231162,-6.342229212935488
1762899140.9270446,3.0144198777255435,4.200593606863252,2.4823860411708294,0.009310344415353524,-0.03987214215774234,9.821573566800987,-0.0714053188590246,1.877169741058205,-6.400611834448509
1762899141.1919127,2.9840544101613755,4.2038568030322185,2.4975485172440526,-0.06021228285539361,-0.02726734971602391,9.868539183536122,-0.089590841793464,1.6417113510513173,-5.995562399639172
1762899141.4523501,2.970005577444027,4.206852472193951,2.4977040781498645,-0.05247369455885212,-0.010884063897584043,9.802911450542371,0.23915765992877164,1.9895753407018897,-6.550640784113757
1762899141.7133405,2.9953551490827364,4.194211403809693,2.5222566157920077,0.013295152541821464,-0.026695172275712477,9.824071254469423,-0.07880667173097715,1.8577247430146762,-6.370698571144933
1762899141.9625182,2.9906346419500043,4.205401436938426,2.4090764358905914,-0.008711128883844819,0.002725459420073369,9.55649038490213,-0.0895741063294266,1.8528484121237034,-6.356503186240331
1762899142.2178137,2.9531318205030805,4.231098654360291,2.3203472758037873,-0.06792821721954405,0.04191830326719295,9.401416515685558,-80.21808782258114,0.5005909569187732,-6.868315436819769
1762899142.4821756,2.9810927835885725,4.222421572253763,2.4610048190501876,0.0017952483510688627,0.011082092456934653,9.677795114061885,-0.13290707830046516,1.6858188376042114,-6.0672574020874865
1762899142.7468078,2.9426874356107127,4.2265269299312695,2.4308594030365698,-0.05359147052773827,0.00496055806449207,9.616210682380151,-0.04391406627404981,1.9163431705353642,-6.4707337707846975
1762899142.99657,2.9795580725553736,4.215193093865803,2.3446154525792218,0.0272360037132068,-0.017951005721754974,9.475673091852967,-0.10159999694413077,1.85888130793708,-6.36831824879063
1762899143.2581809,2.9924134903891253,4.201238336195815,2.4188459739757264,0.033079245202463234,-0.031406066204319814,9.627597318077177,-0.07436086232391131,1.8171945370458786,-6.297750255947833
1762899143.5123394,2.960401782933432,4.228562543565087,2.311563318683736,-0.03398161010708833,0.028559324575572198,9.3908000689234,-0.11736032831621795,1.7221822425629725,-6.126400632462698
1762899143.7741852,2.983627076907992,4.220077460688643,2.308869499223461,0.017689975187927805,-0.00041537961323853873,9.439321414164043,-0.07125869531407213,1.8805190678492976,-6.406285733964077
1762899144.0234804,3.0241461325836934,4.198634973465393,2.2114467677819434,0.07454767696161257,-0.042351552150128244,9.301919289639308,-0.15709827365119236,1.995018689695105,-6.612212804511841
1762899144.2716134,3.026803428126871,4.184136243697079,2.218675318435479,0.05230998284677563,-0.04851849043662502,9.352885981586375,-0.16173538142732005,1.980006678671548,-6.586358420207674
1762899144.527979,3.016128688453004,4.170398229749249,2.378588417157267,0.011876011505530885,-0.05167683115392415,9.647871837860384,-0.08411070512630642,1.855899407214949,-6.364020537517703
1762899144.7872622,3.0284793201624836,4.172475506812976,2.5119762720417436,0.02818568357834499,-0.029412084481237118,9.846037934358842,-0.06132096291048002,1.8645728501092749,-6.383159189649671
1762899145.0488355,3.016250415879986,4.194861286607335,2.598580746533167,-0.0016768038181375648,0.023778913645182562,9.940984368165273,-0.07765606700386242,1.8226820926392153,-6.300925604778161
1762899145.3086867,2.9987806980066574,4.204649862094267,2.6204800372463817,-0.024550582657046332,0.03673650724936968,9.94877019493388,-0.07578715540702415,2.068298263303093,-6.7328218295991595
1762899145.5640786,2.9970843905984323,4.203942496081661,2.392061057995018,-0.020590704773959353,0.013502354965021097,9.5241186273421,-0.12018390922497998,1.6981159810111595,-6.090982627383416
1762899145.8532228,3.0053136560971385,4.1774579428355105,2.46189972926478,0.0058206626375623275,-0.03481242281647928,9.670396885582383,-0.12121711018694342,1.9939708450170222,-6.606460521237428
1762899146.1102016,2.9955601541421393,4.192171862361207,2.4755500822499443,-0.0011320599282356215,-0.006156259163012955,9.76035621538701,59.7093094892007,-0.3556080257641812,0.3191748212187991
1762899146.3668835,2.964545502724822,4.122715634765215,1.8559255577814493,-0.30527016828908804,-1.067515293810911,0.03206665231457288,-0.05198234658397423,1.8393412259905244,-6.335717715710838
1762899146.623825,2.931334712437374,4.089575737476056,1.3087412511545082,-0.2585763203482452,-0.7993560203710185,2.063690397660528,-0.055187149661429756,1.881603758234036,-6.410155250158937
1762899146.8767452,2.9500107132346156,4.102013278452288,1.5678798427558942,-0.13177430207080262,-0.466715253705208,5.4614614081368025,-0.1163645801587608,1.847481094623144,-6.352830514429448
1762899147.139013,2.9379461000488347,4.157895103374949,2.0569242312469815,-0.09518687449347737,-0.18014078871698516,8.010262316930762,-0.03419592044137234,1.87794379644301,-6.402107987252744
1762899147.3877263,2.9275913815030137,4.164417551385875,2.1235852911532183,-0.0817731205612185,-0.10483546086302811,8.721984007760877,-0.05862603563761631,1.7610056875955697,-6.201593300101659
1762899147.631351,2.91870100515037,4.207580439961192,2.236853614557504,-0.06371623035489324,0.008223571265837348,9.187483891428458,-0.0399981558092956,1.7310247954808782,-6.149375168287574
1762899147.8745444,2.9547412920785705,4.211251566914164,2.3695944429554334,0.019605686882331275,0.0029067073140622004,9.513412888642376,-0.08894082522922271,1.8111195823875799,-6.292214400128139
1762899148.128505,2.9835360489851652,4.202564924835721,2.471065873802505,0.05717221512206387,-0.01442606517768151,9.675480947249556,-0.08841817430647887,1.9606063274138532,-6.547969309418663
1762899148.3896036,2.9865866375319245,4.194485205182196,2.4704261874964177,0.03742630767596746,-0.023832860391341398,9.63632005091489,-0.0813066376358758,1.7103497210914527,-6.11354354168085
1762899148.6422107,2.9595166942668496,4.217510353449804,2.304714127284177,-0.016534541524616392,0.030400277200098833,9.338583310736999,-0.07354157515505327,1.7569494041727562,-6.190102965231801
1762899148.9001799,2.965609266024417,4.21020603143011,2.3886666570129886,0.0003846563162897062,0.0018803601414252144,9.564381984651241,-0.0889635961104766,2.0153797315527235,-6.6419727235450114
1762899149.1638558,2.959574594759259,4.2186753746714345,2.385019025807205,-0.004455682991328367,0.02384207959748175,9.587518240730835,-0.05570153373771778,2.0201158085359343,-6.649364469675244
1762899149.4235423,2.9398263932203217,4.229723297813006,2.3369788744324222,-0.03400703150813254,0.037270384185854176,9.539904101372944,-0.016922749862218412,1.9383671761595571,-6.50777479413987
1762899149.6888888,2.9376436020639254,4.23514125066241,2.4462050961379873,-0.0175597430879622,0.02817975737921753,9.77266660189973,-0.10468805688967417,1.8584449284485447,-6.395637854132702
1762899149.9518907,2.9317209716639456,4.224098069289765,2.472054793782749,-0.018276984700838817,0.00045169560619791105,9.827645902010463,1.2324136991860264,1.9433676982521617,-6.410497696096187
1762899150.2150328,2.915528638013973,4.226583394933488,2.426356611145673,-0.01795076838722521,0.006634793345811557,9.638017993066935,37.02848538729459,2.3261383636809088,-3.1103907005972578
1762899150.481302,2.915403922644367,4.24903154630245,2.4335019523600763,0.030900250128186865,0.0946194827570798,9.63910304013629,44.75927586217067,4.656190117466743,-4.788257767374131
1762899150.7437484,2.9565046894808567,4.252206626734682,2.400254949740672,0.21783546882940444,0.09690534420549249,9.703795507309989,67.24311181299267,5.795587731369685,-3.256178166184679
1762899151.0518012,3.1150687093491927,4.689514056429828,2.437117643716643,1.991242363818218,8.145348908770647,9.118012665256089,81.47998344712559,6.388778365375725,-2.1330623318003528
1762899151.3242815,3.2161547987462242,5.269793859838784,2.2317863743700124,1.6781887097586223,7.897367137970889,8.814372475249437,86.27461173800222,6.4967723031630955,-1.6541417155746077
1762899151.5918374,3.1547527709199508,5.083069384770338,2.2742030497480545,1.0285633903154325,4.462143389723058,9.239087295346092,85.95418693610999,5.846985942791467,-2.3218820051429
1762899151.8562567,3.076426126542813,4.728768027081812,2.354038892863773,0.5984816143070928,2.1671761832684795,9.546893053273312,85.75136640063863,4.520963315140789,-3.8471106331038416
1762899152.1080632,3.0612483049863286,4.444916052003458,2.2412614733524068,0.9067495715562273,0.6858920359427955,8.967466396640575,85.61855899365425,3.106976479204377,-3.5768052239139485
1762899152.3781898,3.045415524699174,4.307542140468925,2.399705291538542,0.5593886456644724,0.22001237333325424,9.476659838576218,85.5916503869347,3.299844744443029,-5.077864219712338
1762899152.638642,2.982728351304652,4.219048401961164,2.447645601284608,0.271594878961601,0.03205904432606049,9.611380478933066,85.54132580316045,2.9233664430024446,-5.394687366448036
1762899152.9027417,2.930075970963644,4.174626241810232,2.491937487729208,0.12387749095252153,-0.02099158416702431,9.716114144610085,85.55032641795906,2.948048003767748,-5.481953366233117
1762899153.1727836,2.90009674043791,4.181177211869455,2.552482410292919,0.0518358155907442,0.022591516821073757,9.78920781584868,85.57797711995832,3.2124130770121484,-5.4161076553457805
1762899153.440282,2.882953645045417,4.175694326075781,2.5860585991681524,0.03241426957572892,0.02178051998921504,9.826768191476171,85.5643293153388,2.843227052015452,-5.629247431394208
1762899153.6922252,2.906814560541947,4.194178542905895,2.4799680916826694,0.08308922722348674,0.058201735924326745,9.623868195724269,85.48755746000924,2.544032667356124,-5.817004254679118
1762899153.954857,2.9196383360352045,4.218307881783753,2.46372388318358,0.08810269234072926,0.08646564548650974,9.564582199073733,85.4764237635155,2.2041481598578683,-5.889635549189398
1762899154.2205155,2.9445358877706616,4.22808001527956,2.5095608321036327,0.1193981887178741,0.0872857416319833,9.647813127335155,85.53045808310563,2.6649233842676625,-5.820547033462567
1762899154.4730337,2.9627615820986994,4.2485696816707925,2.3483494624217607,0.10603664982466801,0.0962582908983917,9.366218704868837,85.48245222165276,2.9789057138748225,-5.694361847265736
1762899154.7320714,2.973087690237206,4.25612708214155,2.4366684360250193,0.09378014140486236,0.07634934461087003,9.583218798702068,85.46238252845984,2.4720076927605343,-5.933331813518108
1762899155.0029662,2.9789441428709593,4.255835403196777,2.440218119482621,0.08193674368238144,0.05232937545966839,9.600762223902564,85.46335383731135,2.4736649562931783,-5.932473251106317
1762899155.2675776,2.954953309661206,4.249140892729628,2.4727847046559557,0.025275426952560083,0.03344465269920313,9.700540458343472,85.54882208889329,2.690905753415326,-5.829674264775788
1762899155.511903,2.933809214097886,4.223169073382834,2.2651821210418137,0.00026259360188403034,-0.006540329818823877,9.313124568237226,85.49743575921723,2.7440822987871303,-5.828362684023481
1762899155.7766318,2.943630714958477,4.221273441532886,2.4804504382126504,0.04135834677763003,0.011122694375375945,9.771096924793088,85.53818609560167,2.5122275795349522,-5.948958716694601
1762899156.0483756,2.9313306506959105,4.211448198161583,2.481418593180082,0.018654319057384062,0.006875864085956606,9.6965440126575,85.53707251019085,2.7120953959986687,-5.8764523635668
1762899156.3105946,2.9435871493295984,4.23062237168966,2.5376342044864018,0.03809111930129469,0.04410255173731818,9.791464326354463,85.54509055408101,2.6154102536246455,-5.937845504252515
1762899156.5880954,2.938070776992574,4.234832574444486,2.476861616562962,0.01953015879578735,0.04868459938127294,9.616985937076517,85.57133067094398,2.6083612929965274,-5.94186417981038
1762899156.8565443,2.908927232025797,4.204736615854974,2.447655803726496,-0.02547484904452066,-0.02477195042805352,9.594780500404392,85.53907173217569,2.50023664359192,-5.992997116052447
1762899157.122139,2.8670857630062407,4.1713909126965945,2.4688125585908893,-0.06919732816200926,-0.05284832592248945,9.68270647178954,85.56005825638171,2.62477865120205,-5.93297791004587
1762899157.3730912,2.8530290120452513,4.1570572967134085,2.3884794310610764,-0.05478209571282024,-0.03905819157172301,9.559090569280833,85.54858842291783,2.7045262230841893,-5.894503784672315
1762899157.624249,2.8771418086526346,4.172005647763938,2.4561662530332127,0.018177662218424127,0.014701601765985551,9.708543709376235,85.5230221144401,2.634843790249936,-5.927666348954915
1762899157.8759048,2.899884865929162,4.1877306749401235,2.349091641706039,0.060070991181392155,0.0443323986786689,9.448819725143178,85.57766280728444,2.9496247781320633,-5.775528666501461
1762899158.1452553,2.9315631151577835,4.213073840866416,2.48328375275542,0.10819914978956373,0.08419719636547035,9.704969528285611,85.54995430790187,2.5053300626600032,-5.990716028183281
1762899158.4073997,2.926380943297388,4.222689649502771,2.4783375731112667,0.06921754160912719,0.07740927737029119,9.712261407413155,85.54744370867918,2.59700453460995,-5.946729483529948
1762899158.6557982,2.9031242407962443,4.197697591758743,2.2357594312119717,0.014071874824910475,0.011337932034477919,9.229110744255266,85.40509999654583,1.9890647782956288,-6.237782327121105
1762899158.9112556,2.8857615981190916,4.177791485636372,2.455964233640115,-0.010073160443487559,-0.018437951677373363,9.694212630904826,85.53860534905968,2.536740486673647,-5.9751179607041465
1762899159.1730454,2.877520422888624,4.17615155825085,2.5185333344184433,-0.0052913763854862406,-0.00026673088190697666,9.718384060492355,85.51352516642274,2.6335362369420214,-5.929354625899101
1762899159.418906,2.8890347732080306,4.186792932008365,2.403243563811014,0.029369898447521775,0.03693723499501565,9.484159983249741,85.35158276778544,3.612727054302523,-5.460194999331727
1762899159.6754887,2.8997385068340433,4.188097261290987,2.4845069189000952,0.046191262329039535,0.03942590299607449,9.647550211292026,85.54106324467422,2.6751224775640545,-5.9089420552774365
1762899159.9286842,2.9133370045430245,4.205120081769302,2.466673551166253,0.060240674340541395,0.06924390177677435,9.556841264927119,85.48532944593201,2.65279891152789,-5.917555989813612
1762899160.188284,2.9264739253956127,4.212132101561784,2.413514020506767,0.06630573938937917,0.06377053510968411,9.478198514214897,85.49669484514615,2.630947227335838,-5.930803038364418
1762899160.4461966,2.9087219104390662,4.201769787594496,2.451519300855035,0.023579590034026075,0.04700242905328313,9.56815970417149,85.51719090275564,2.8702349356247074,-5.815057959333159
1762899160.7002375,2.8268276153060996,4.191019787707948,2.4933294549199214,-3.9324543346972383,0.31589830817502157,9.290401154761721,85.51610654551874,2.304901685314049,-6.087319932311879
1762899160.9675086,1.7479510147991548,4.262731928217384,2.40039499473257,-9.567235927465248,0.7111932433326066,8.71468737400112,85.52737592312116,2.6931927791283194,-5.899770303517325
1762899161.260263,1.8496770845134678,4.240732308813565,2.3801415745515335,-5.541449896385481,0.41231529003162637,9.158574697685237,85.65469733757875,2.4260181477481564,-6.029592523018857
1762899161.5125957,2.293433946341335,4.226572508162797,2.350130798121237,-2.654258862390716,0.23445615522960975,9.364478327478524,85.52806780444027,2.960463038237472,-5.769743302403696
1762899161.75942,2.5905451369355634,4.202257943458072,2.385646189393724,-1.089716063476482,0.10720910018491663,9.460625268662211,85.55764484389367,2.412974831378421,-6.03520383878853
1762899162.0146675,2.768045240113657,4.195607237141868,2.5263584081994264,-0.3529415953847021,0.06034508556144958,9.730054203762315,85.54899479181488,2.5111329193054397,-5.987651640179658
1762899162.2833729,2.8711343885503338,4.213573937110555,2.5547383090598976,-0.025960574795973725,0.08310177258514924,9.689803006107226,85.52854990585845,2.92476500696806,-5.7883382215363435
1762899162.554185,2.901153343782261,4.221179314427574,2.538452077130896,0.037258106373793176,0.07102598829645816,9.67853401920301,85.53973417720294,2.629582968411021,-5.9295416124964335
1762899162.8188143,2.915856816570048,4.216318965286377,2.384320109983933,0.05099354020131242,0.03261903021315559,9.39030368959261,85.52938693135026,2.7105114816635307,-5.892505613872367
1762899163.0796366,2.917268493862322,4.213824493557948,2.3462998005317175,0.04516087974471713,0.02078926841069227,9.379643843349793,85.31572970296588,1.9499162385825033,-6.254923359234327
1762899163.3443525,2.9120018187290415,4.2125182247053,2.3610782963637105,0.02854249466086152,0.022021186231349254,9.476239073399748,85.51923191401174,2.620880869993775,-5.933088015926019
1762899163.6005013,2.9161472146951035,4.211928109262145,2.456700918515643,0.03489862667957117,0.021572586547899984,9.701493764600066,85.53395188379459,2.592318124074576,-5.948343463463194
1762899163.8548615,2.8980657953744187,4.190665811066877,2.4758262514923217,0.010734604290333247,0.0006051861624740999,9.708480758239476,85.54297994311109,2.5631417856396252,-5.961825413672666
1762899164.1058998,2.9037134389909984,4.173053302246478,2.4237752630319886,0.03008169205486189,-0.02457221885432703,9.537087586999057,85.55664628839706,2.558235288256175,-5.965096376971699
1762899164.3714774,2.8841424422637063,4.160062108632295,2.496458754795447,0.11201228572448539,-0.07860144326701123,8.582101501713758,85.53519831992855,2.574250568594035,-5.95714850044964
1762899164.6182513,2.9656400345013196,4.090192587242361,1.6053867204511212,0.9668129991498968,-0.5641440581262227,0.14082549916814935,85.53858164433107,2.4277684410391167,-6.028237654032619
1762899164.8654408,2.9762193728688398,4.100286518910716,1.4202443162644156,0.6633336233205821,-0.3406390388872498,3.002132849400364,85.53906533129049,2.717608003235631,-5.888130813926968
1762899165.123098,2.9644584536411136,4.138497260695396,1.759656196098793,0.38092926456047643,-0.12720916764280196,6.22113957544966,85.43913960934947,2.90523311761713,-5.800281562279134
1762899165.3814929,2.9541882305170724,4.181388630254229,2.072444956126942,0.22532345516673427,0.0076037626572266976,8.127072795413868,85.52701156723285,2.5747709868448534,-5.956611439785818
1762899165.6454475,2.952592369353556,4.216767368435239,2.287567959063955,0.1372856475107178,0.06496037083562059,9.082030392295659,85.52183250551136,2.715589465660512,-5.889404581776192
1762899165.9022017,2.9418959816332517,4.234439766099153,2.396076165391781,0.07561995336602709,0.08032106755880127,9.481174587798149,85.50333743987527,2.9304217737525153,-5.786110583655648
1762899166.1919355,2.9288611146137207,4.21321473182969,2.6174959756091742,0.043500334508087726,0.026774957949247193,9.931361454752084,85.51118255606907,2.5508890312818253,-5.968167261534898
1762899166.451871,2.929280289145411,4.201867151943121,2.5216687552040637,0.04077040078586034,0.0033273804357016276,9.772562472506229,85.49176069143337,2.6312625182553084,-5.92892067941356
1762899166.7242367,2.9329186766000332,4.215381809991084,2.440340584027481,0.07185667522383059,-0.017481060740707266,9.614502342959721,85.20060332924204,2.632396235837278,-5.85060329689888
1762899166.9842885,2.932483603829986,4.207529906202135,2.425119217259779,0.05566221780366404,-0.008617329732501013,9.616670486734881,85.5184436303465,2.48923372531814,-5.997154800931623
1762899167.2404113,2.923440011650651,4.190240307406034,2.390617098584744,0.034669939727315205,-0.02809331830860023,9.555217438760355,85.51026489524914,2.5506894518386374,-5.967682311106271
1762899167.4887211,2.9056165474692874,4.179512006245343,2.2557777415965967,0.003692767326100872,-0.027223774021620222,9.309010837340315,85.53195337037346,2.61079239738558,-5.939398802471444
1762899167.7501953,2.8333325360580286,4.12181408536932,2.448798896299533,-0.08820966529034954,-0.14660182055394688,9.715428925972047,71.41659134719505,1.0725887555142903,-3.0052943996989088
1762899168.0103288,2.847343382611898,4.124948257651895,2.5236178122242916,-0.029813924428121905,-0.07748534440839391,9.821308946354943,85.57011449664473,3.0110091651669184,-5.745573534037698
1762899168.272227,2.854400525972978,4.11645533034792,2.3335841866535754,0.0021470975338592348,-0.04738647722914718,9.451540713309095,85.57395793699483,2.605847454750814,-5.9418087655156775
1762899168.5425894,2.8777312786814973,4.132820476206937,2.4525228542338966,0.04131430674033873,0.0051732965605687095,9.722580360627228,85.58048316137369,2.5720351595374993,-5.957531590823228
1762899168.798946,2.8759478809190813,4.132816972745528,2.464711365987485,0.029688484928183927,0.01717484746292028,9.753384359084718,85.5683052713958,2.601458475063012,-5.944056849682085
1762899169.0549667,2.880078135483805,4.1255992896238665,2.3708375080586626,0.042052244102741936,0.009448322472667003,9.566486763447099,85.56084120667573,2.580949105470379,-5.95414504224819
1762899169.31802,2.8724732982562675,4.116706905122794,2.4568811840198315,0.02421438061861844,-0.004680759966690826,9.762149674162101,85.57064945177913,2.5668765946998615,-5.9603812873581035
1762899169.5778434,2.8872895693302234,4.13530929111923,2.402866781886548,0.046625600780231785,0.03332416534602983,9.620286966054408,85.54000413174056,2.6160922385621217,-5.937415713665211
1762899169.8346353,2.889318118442789,4.142690390148781,2.382747097484823,0.04152155824261479,0.04949222510444707,9.546150178252983,85.54956682606938,2.597333856545377,-5.94650330369697
1762899170.0987325,2.8864027976722135,4.129923193135718,2.5939667796441137,0.037174642653003055,0.018784950224329217,9.971345582851487,85.55684546865076,2.4784115088578003,-6.003875868174173
1762899170.3736696,2.8673471258858325,4.117060241305588,2.4589258197705446,0.014704863927294937,0.004773708258467027,9.68480175371485,85.57293141226008,2.394543920006307,-6.044783470348263
1762899170.640832,2.8651960577099924,4.129881303941895,2.359280120759251,0.02363990045458634,0.036023005183369115,9.520669141647431,85.55473213829167,2.644326243944799,-5.9233589712794394
1762899170.9047828,2.8876990626490517,4.139683104081313,2.3071397281252093,0.05841340614997348,0.04044302918180451,9.470373453340294,85.55609710501183,2.6278273604395483,-5.931360255893509
1762899171.1783943,2.8926912327645935,4.150971501034218,2.3222621640143077,0.05681965955448953,0.05643004399112853,9.532582907483082,85.54293955562936,2.619166442059509,-5.935448206259878
1762899171.471837,2.9194221522197616,4.160514362272369,2.6221353559075244,0.10314826710377989,0.05222394578551084,10.105680550250677,85.54516775702547,2.25517299921431,-6.111822711084872
1762899171.7290294,2.917393768501794,4.168287413736114,2.4372706201339316,0.06194077375533054,0.04172849819802569,9.757752434645033,85.54111811031845,2.801853935966709,-5.8476786633395825
1762899171.9890182,2.9287310148472203,4.182138953302747,2.466098501119459,0.06335198443048176,0.05623070909596208,9.798443593230875,85.54201400226904,2.5260451282514755,-5.967461956179352
1762899172.2473571,2.9386070849176686,4.19728872670365,2.3343373692613856,0.0555865545250839,0.055570641104197405,9.495217333066064,85.53894347889829,2.4170044019540486,-6.000007705789163
1762899172.5104074,2.918001689025071,4.167063159628205,2.4580384490931895,0.01657572397737366,-0.013778752954790153,9.743863480306334,85.53011172626114,2.51406856396907,-5.96458742154008
1762899172.7718198,2.922312918872386,4.1703940879126336,2.357347411096356,0.02756819776170414,0.003225073684442081,9.560442190987956,84.97368592254607,2.5383948688754967,-6.0235081150150425
1762899173.031891,2.9154868123618636,4.168621854701912,2.4664104597871264,0.0031630821527766336,0.004681371919480129,9.785068989721918,85.05758791512265,2.420475080674718,-6.07517838680507
1762899173.2872493,2.8922053819131923,4.124625562573068,2.180739561687214,-0.1545880855214544,-0.43301766579583817,8.961511160990014,85.0328264198071,3.2225047437090977,-5.690279801998362
1762899173.5460176,2.8843987913287097,4.096532896611489,2.3280190371170923,-0.09057587139551193,-0.28875860183447355,9.379951445117308,85.0709020660175,2.4141844446136393,-6.096931275015515
1762899173.810905,2.871433132133383,4.09393852126585,2.4212487818379422,-0.06464230660439514,-0.17215540686054362,9.590080762121588,85.09402834547942,2.2840741765324557,-6.1608486019051085
1762899174.0782492,2.8774972259498943,4.1096594439915215,2.3471527195463553,-0.030226241445480133,-0.07620200237118388,9.484347785166602,85.14291122825877,2.408514308958803,-6.108899515621886
1762899174.3394961,2.883520414752487,4.125191925083085,2.391499551687833,-0.017359655149443817,-0.005799035972142337,9.615690948110823,85.29433642166666,2.4682094004137296,-6.0942570753929175
1762899174.6007907,2.9170151073903563,4.154722907647868,2.433552351711924,0.07376626142191531,0.03824264398374037,9.729261915156053,85.24586375180111,2.4071817711530956,-6.148830768115801
1762899174.8564503,2.9202769742402137,4.170001175220024,2.442822545300381,0.16995039413789537,-0.0030612120491878766,8.672474671029843,84.56699169515412,2.355888914589912,-6.180031606585725
1762899175.121179,3.0350512493777835,4.254134546227788,1.5408830118281835,1.3561394021270776,0.959290421180724,1.4181142345475477,79.8085116619488,1.4467580163260008,-5.915243233344271
1762899175.3795457,3.0341813817414875,4.260700683196648,1.5274370400083053,0.776379903585445,0.5584957285289757,4.473167710745081,73.08250135335524,1.3558408011738212,-6.158382917922905
1762899175.6420035,2.969258953176488,4.217186339432264,1.8308579248825956,0.23977384801253152,0.23992541587550587,7.136920785488836,67.62104527683958,1.1224963742270633,-6.150978300000763
1762899175.9085498,2.886441024424898,4.156803796896983,2.113161603451201,0.026523262963499526,0.015138011264475627,8.58943185161736,67.10771417748963,1.1666203237466883,-5.532674815315605
1762899176.170591,2.898715425607998,4.1672351717313045,2.291589888385759,-0.00858433264466187,-0.0007260923797255021,9.217297564899203,65.1582923375234,0.897739509358386,-6.054751946068491
1762899176.4610982,2.9074440835717645,4.172932320789021,2.494207255821291,-0.05253581076302963,-0.07902158102054259,9.636450519344967,64.28041786104941,-1.174611932701786,-7.647132737920005
1762899176.7201858,2.913310949715811,4.149179697463696,2.4846024779122375,-0.05526085390428542,-0.15422853567007358,9.793408393176755,65.6731378415392,1.9195951704112069,-5.306495417342145
1762899176.9921947,2.908413778586831,4.11272746587642,2.6369266236881708,-0.024259921092588368,-0.3778010872973429,10.454416959752914,65.59327726604084,3.3119579712161857,-4.60352267589296
1762899177.2549524,2.888684699056171,4.108729121944504,2.6379385834848956,-0.29902713079132337,-0.25490712591412623,10.366966908970815,64.04378050685207,0.4010454025514813,-5.2955693604581215
1762899177.5006406,2.8660902804729993,4.091753384419658,2.703119160658705,-0.1596134808182953,-0.4906006184843812,10.382283874529584,63.671783124746355,0.6305582843674987,-6.926331162026648
1762899177.7564776,2.891354343737821,4.072558689719705,2.6660776280888734,0.10327893242403316,-0.39837091587575585,9.915180091404965,70.91256737788213,1.1236796967719502,-6.934081698400563
1762899178.0093215,2.9246171514969985,4.165765956055208,2.5999596398271096,1.0972695301742883,4.093864815743021,9.66407038571801,77.84498656682295,1.2249805403414848,-6.225574634504808
1762899178.2553134,3.1120763171612214,4.9053452292102815,2.695600497492428,1.663271205771485,7.282553645586078,9.800594113618684,82.04471851363049,1.425186061119921,-6.460635999220619
1762899178.6367342,2.9838650695140974,4.719493187914257,2.6126356923293175,0.6307209501454901,3.5908691243759026,9.881419274047566,82.37178901606865,1.8172710323460688,-6.179609300547742
1762899178.901722,2.85219948703282,4.386525056738334,2.6085398521766234,0.1775539986041733,1.584780642331076,9.823333434385663,82.28566913435925,1.799271896927089,-6.206456608575095
1762899179.1718335,2.7812297275821143,4.133446155259507,2.5865405272894355,0.01230147753495736,0.5165521566998136,9.721190766722472,82.05473169014547,1.9302727228116132,-6.166471973871677
1762899179.4354446,2.756285905421409,3.9940677183858995,2.5850849413405674,-0.021539988474459683,0.07933073225518593,9.685795571272362,82.074533092593,2.062894878416718,-6.202193281014308
1762899179.6984978,2.7440123117795907,3.9261315287208136,2.6498059520298987,-0.03023310188850592,-0.06755149283153224,9.766068058985327,82.02234254505116,1.8852975057201624,-6.294786702271439
1762899179.961335,2.728386160620783,3.8875055025682834,2.625252196014433,-0.03552687377828853,-0.09656491530265535,9.71885017588757,82.00850770886748,2.0605251936310034,-6.247572889036973
1762899180.2352154,2.7196868773556258,3.8715118762834386,2.550079020647456,-0.02105473816312779,-0.08257806657913927,9.576443280103263,81.98640344873917,1.5890943261062098,-6.4562508215943515
1762899180.49343,2.7154733530483814,3.855876240347429,2.503164258361789,-0.0021886586228180675,-0.06971467170086267,9.549987267228744,81.97330731960169,1.76445877473842,-6.388709428538514
1762899180.7601123,2.713702943493144,3.8325282706939205,2.5276486337169812,0.0084221924781748,-0.07397424746119265,9.654732613260643,81.95287212093385,1.8813074477697291,-6.344184362163607
1762899181.027564,2.662421992857091,3.7178120642339647,2.469013556633196,-0.06522387062644025,-0.2232964594651515,9.596436209285454,81.85713810910748,1.8301815688110246,-6.363816086723118
1762899181.2949097,2.651164792242635,3.701269264564727,2.586293407512833,-0.05343395771679779,-0.16194866304154726,9.802907635150929,81.84334908525521,2.254365039881222,-6.1931734117553905
1762899181.556506,2.652957799984386,3.7071858995890548,2.4732432758438168,-0.026551149156887357,-0.09679249869117196,9.394621361398213,81.87361857544596,1.88661347332143,-6.343123705491025
1762899181.8156493,2.6544850856941644,3.709347645571471,2.391975209202623,-0.0032831484944197344,-0.056302994324196096,9.366620809871225,81.89220283096121,1.7627917958334314,-6.389744232776996
1762899182.0763748,2.6489588157512425,3.7068480101908823,2.391402903020518,0.00018762564467985322,-0.03978730862277567,9.46791182929144,81.90465741490145,1.8503830079310861,-6.355093820621162
1762899182.3353338,2.6551943226318966,3.7097762541582737,2.3952441907800455,0.019676919444446994,-0.034385302445774056,9.499514330701905,81.83014309829649,1.8428499892337629,-6.316086758286106
1762899182.6026437,2.6578930685986357,3.722252199066445,2.5058335089373043,0.02624665083264348,0.004067537944777878,9.73739355491954,81.87735878801233,1.8289407339734045,-6.364678403036498
1762899182.8729234,2.663581163620457,3.7254372208614135,2.364409063412895,0.03306662714555805,0.0013310148560361124,9.503815503005118,81.90703148981835,1.7855766815463008,-6.380904282978343
1762899183.141551,2.670207049344076,3.721667793851297,2.5053286820747522,0.03582838204646927,-0.01459422645430738,9.800397956913779,81.8556313052071,1.8563801475295696,-6.353122542969748
1762899183.4027638,2.674061623538158,3.710246628725628,2.4813381737335383,0.035936541232492875,-0.04035432528832894,9.708747456904158,81.91133954754402,1.7865392638410902,-6.382227457873753
1762899183.6573856,2.671623391888968,3.7064268695985385,2.4192038416108907,0.028089293454093407,-0.028957683213811158,9.5345914805368,81.83509389827807,2.183126544188337,-6.223434465187687
1762899183.915597,2.6590047796852416,3.7123175900631638,2.4054555962863837,0.004345601610122964,-0.007341774243770308,9.49872165724997,81.8526525117013,1.8890938410132512,-6.342631414633569
1762899184.1639705,2.662166908206853,3.711144622871376,2.3608474268966706,0.013511124380866792,-0.010869325805035648,9.440017866072607,81.75168042335662,1.9203920348179417,-6.33726018096166
1762899184.4336119,2.6621708885206017,3.7140302796074236,2.4547360317478697,0.015222932974773402,-0.007258525636539915,9.606005326446896,81.78686955419494,1.7513341410125969,-6.401087759593253
1762899184.6921442,2.6591798892162815,3.715544462975359,2.455445175737682,0.01083104913794603,-0.005730147263093374,9.588410778196916,81.79694772316134,1.7878196165333715,-6.378660481056183
1762899184.950758,2.6692413848036893,3.7304609388073957,2.424001005724115,0.035601287378271146,0.024089409610407245,9.54098853127906,81.85439640814465,1.7426877332044228,-6.399797558198972
1762899185.2116344,2.6916414678702725,3.717998340524768,2.0624080542931393,0.7483967814286644,-0.31892631190064447,2.48640504810112,81.83495735671335,1.8576382088401138,-6.35125945243135
1762899185.4752002,2.7632661286577185,3.6680937090634886,1.3893782668001007,0.8457969429567171,-0.4052524978596808,1.6458540730679698,81.9085596374173,1.8305860443178108,-6.36484648333448
1762899185.7365766,2.7434659710657563,3.667654845701739,1.620928723857341,0.4819587030249572,-0.24111728275676686,5.2119005446055295,81.91910362042535,1.8670381787794461,-6.350368823616376
1762899185.9884422,2.688527231415098,3.669199057942755,1.9329866964152795,0.2106704019393222,-0.1475845790581067,7.483358230728335,81.91547019095023,1.7693056310257063,-6.3894580006092605
1762899186.2478068,2.6774426167567595,3.6931124193754594,2.1549038434693704,0.11088036067502448,-0.05257668240238314,8.683420798968479,81.88404817768138,1.8243261720810984,-6.3682864618622075
1762899186.5367765,2.673509670282054,3.705578758213567,2.4513310866594202,0.07232698408831184,-0.008032180650585655,9.56976161136382,81.8817279104907,1.634631989600331,-6.444398987028123
1762899186.7819226,2.6722753850534686,3.724618055704268,2.235666753456773,0.052546986540682364,0.024772212326408104,9.298865690289915,81.69174014230094,1.537339132634007,-6.481609005490619
1762899187.0452611,2.6641846028026133,3.730576202322755,2.5052398259281894,0.02506309857670617,0.02089503995847666,9.848185027704094,81.81187341268215,1.798967890785065,-6.3746470777059665
1762899187.3005147,2.6738942775741354,3.735735558231375,2.393767839781395,0.042137819565517785,0.006979704967884526,9.55314027829049,81.04940846434334,1.6987983247377443,-6.398031059588482
1762899187.554602,2.6795972698851487,3.739000291168613,2.437006597844542,0.08444982077007838,-0.01936033684111366,9.659406828080417,79.21809685341351,1.4988586924415828,-6.571660254019585
1762899187.8130968,2.672420560866109,3.7289262697945764,2.3808253302794795,0.0009583564634756413,-0.08281395804417374,9.574152871073684,73.9606299775394,-0.8777165083542938,-6.5211356393845765
1762899188.0712438,2.6672260816345705,3.7247015978477593,2.4236035481507803,-0.05300168551404717,-0.11569493007044766,9.63540830884691,68.35039462478808,-4.237324075547095,-6.611270271341819
1762899188.3330753,2.660830571473784,3.7217661071293824,2.4238352189153742,-0.049281600048920175,-0.11420742356324581,9.631286329066166,61.589578929613,-5.266845287600227,-6.444767107047461
1762899188.5982502,2.6617201560464423,3.7144641884579164,2.4821114231310553,0.048299816378672186,-0.057119481667253696,9.6938983697498,56.742580578017616,-1.6709795815345745,-3.075016199023382
1762899188.8563206,2.667488766327332,3.6964648072277204,2.409265762215449,0.10038957340574944,-0.1893300179740294,9.456002345631092,56.009357008233145,0.6276961867624276,0.049748517003647325
1762899189.1161282,2.662921174039222,3.6677910074689737,2.3588010106677264,0.015736575756902585,-0.40121259005626614,9.295053971494466,59.808351007488014,-0.12602436957674043,-2.8728334858132363
1762899189.376653,2.643385864284235,3.671015305858058,2.439256098475685,-0.08240022029729849,-0.2087153274611878,9.509362432999707,61.38704382448415,0.7128285619060869,-4.189863478561055
1762899189.642153,2.667318877322713,3.805792293800966,2.4599188630586304,0.08540686690710768,-0.15461051271193402,9.53765228028633,62.250452616604015,-1.760336274670484,-6.696983481775604
1762899189.904267,2.725353626103788,3.862372602064829,2.5188483111073685,0.22542693540939007,0.0330060017710963,9.655636448994981,65.28247064693194,0.6824883772988489,-6.327490570941061
1762899190.171868,2.7359841909868883,3.904022642344929,2.4566372405469488,0.07023301671415899,0.07020771512055175,9.369911999175525,65.55344209311147,1.269377209697193,-6.483679744171145
1762899190.4376297,2.734078940078458,3.928597153576161,2.5712887196409113,-0.04321545868182154,0.041847787822734565,9.774545080319111,66.54598533289156,0.6639657815067426,-8.445528271508012
1762899190.7034028,2.726598244381268,3.9665855027497896,2.51163105137331,-0.3463247699242508,0.19609763545350356,10.06809814268583,70.21743919957841,1.2299711652400256,-6.862179246805513
1762899190.959206,2.69511669523158,3.9880714251985467,2.550938644295405,-0.49967684047016103,0.164066817006735,9.979274589938575,74.66018798703661,1.7102475221177766,-6.784833966333785
1762899191.2191296,2.7096542673215303,4.007761236374427,2.570323997048492,-0.38984889439456033,0.10970526513984132,9.924200172635723,75.18555716426816,1.8266850776727157,-6.784354484239766
1762899191.482052,2.728299908583911,4.004199194176673,2.425633696213063,-0.15993686123991052,0.004920554159707483,9.487112102117797,75.95378191701948,1.8827302186653392,-6.717003814241955
1762899191.764382,2.8997280693981984,3.975988959727217,1.2206803891452014,1.146218946171707,-0.6687823488949446,-2.2000406962529735,75.66357622673243,1.8624234342650587,-6.695378160421675
1762899192.0168116,2.9623383682378734,4.02796577503643,1.111994235832699,0.8119424775998353,-0.35975566448918656,1.8444063904495431,75.9191934976666,1.9353229873368838,-6.641751314510764
1762899192.289543,2.9405879839678155,4.091845620143996,1.61231829381808,0.4058111005330861,-0.115839081583284,5.993051394171004,75.92532128599181,2.0233547528575184,-6.571429143852184
1762899192.5493338,2.911569521392692,4.130122495959414,2.056017200501554,0.16983816359039872,-0.03628895238225294,8.240702499181545,75.9478066984461,1.8574211886693779,-6.570174758109646
1762899192.8027625,2.8945370768404475,4.197048723238835,2.2358503648378685,0.07800922186715259,0.07689236503505391,9.097104699493496,75.88700457040703,2.0956917905169004,-6.52310369210397
1762899193.0718577,2.885462208968166,4.2404541674143506,2.511776229341121,0.0164164129000746,0.11202453544585494,9.748706121634562,75.96584198113707,2.0761670973882116,-6.524788154712474
1762899193.3274138,2.8910280555479284,4.267318098580498,2.5233562963697143,-0.029811544273378454,0.1140136012084886,9.772271454710566,75.6090430491402,2.26538848015625,-6.47868002079422
1762899193.581579,2.880740208229637,4.278721509015832,2.4877962986062796,-0.053010057402614795,0.06969561940666202,9.687126077950984,75.85941007085677,1.8362240149736082,-6.59406381467018
1762899193.8382623,2.9039040792923965,4.296296122656384,2.4606199506183075,-0.016642893741995925,0.04723310089971021,9.610011949214847,75.97547873533485,2.063118975335769,-6.5270214833399365
1762899194.0965633,2.9403007159078394,4.341678798144979,2.473668681078985,0.13047208356212492,0.06473079367873949,9.51740025150525,70.01505516150216,-8.404354605926835,69.27475656257525
1762899194.3558595,2.9915519416212937,4.3445097953872756,2.458360164523841,0.3126507336357804,-0.04358728867219826,9.480058686768402,75.97608450646212,2.322033444344213,-6.2798706752635125
1762899194.6160064,3.0456761239900847,4.399780653233286,2.408083719015,0.24104604720739564,0.05012901681673642,9.427119099006664,74.69194387682067,1.977908219053177,-6.279222114320793
1762899194.8758695,3.0584408653417303,4.432437824633383,2.474011074505688,0.15910098027785627,0.07449224701427758,9.580638867744765,72.95861500753074,1.8830594507513976,-6.363701420156501
1762899195.147533,3.0447990186722933,4.408834096537033,2.4357946916156954,0.12314443165193666,-0.01460598009236134,9.484686359471759,73.09249718572767,1.5590608264845554,-6.5562155204604595
1762899195.422968,2.9648477747686823,4.329551072441295,2.5052194341021172,-0.0719076522013573,-0.13275703709956505,9.645758042655741,73.03325397228515,1.619601825167081,-6.541298122634782
1762899195.6990888,2.9250200665526633,4.332502787672735,2.6771682991515493,-0.10938739498491303,-0.07225812564296764,10.046460351227884,73.20236384846503,2.2433786490990246,-6.401186320775779
1762899195.96045,2.9070567626984443,4.333152046938523,2.504141490112587,-0.14743446148187128,-0.03825671025118314,9.73738347321482,71.87197775766614,1.980975706679943,-6.3599571954061265
1762899196.223841,2.9204032485091234,4.334158109851834,2.4411414987979456,-0.06510686314107504,0.011898975933568597,9.57052781898067,81.51354908513566,2.652079507189055,-6.153642775967851
1762899196.471704,2.9377656847896887,4.3423693435001205,2.3380224036435657,-0.004770777681200887,0.04723624797616621,9.367017808298153,99.78578701871186,3.9066261553401187,-5.601057406714148
1762899196.766138,2.9334442398877543,4.329933305620491,2.4984103868218934,-0.021006922483318285,0.1056438337151376,9.660842092160054,116.48006583468646,5.139820490598975,-4.526000799676862
1762899197.0281951,2.929878636699559,4.303864502212621,2.4851807934908443,0.055238524492510384,0.11706700486373141,9.63415957917882,118.10050950111003,4.988639904855908,-4.509525530912683
1762899197.2903998,2.9765573092623376,4.342138970413598,2.604813891657803,0.10117499139633167,0.22140958923048012,9.841994693585724,117.61037725284596,4.403024780631041,-4.8860645679807035
1762899197.5549674,2.9481682516096823,4.3227770870585385,2.5773461759859564,-0.03661671128792625,0.23083650727760271,9.67517213134464,120.47837019858984,4.426167238863862,-4.6975664028161885
1762899197.8202322,2.908896246903435,4.309780257284635,2.6084753888012306,-0.12069366899043962,0.22790673148392382,9.681352119538639,130.7642678619288,4.449348199532942,-3.9172449162276974
1762899198.0881438,2.8844717888481815,4.283588938725602,2.659267520503798,-0.11654997800108478,0.11886146528255183,9.609344484782387,145.53158409912223,5.606985838083298,-3.162646320438077
1762899198.348223,2.872563283917159,4.25564426869501,2.621244791357579,-0.15942712062791267,0.1847085336616933,9.512735259986918,158.9406792101652,5.89695195214455,-2.1537630577305613
1762899198.6086469,2.8719397770042336,4.28448834808151,2.506268302455662,-0.16979698365780418,0.3556266126058499,9.372385017983897,169.67397187540558,6.044940213447009,-1.8658293320155743
1762899198.872377,2.925606464286318,4.345485618446856,2.4655788151326896,-0.057915394074674935,0.4533985080556183,9.430818185264263,173.36504601875922,5.755300569645804,-1.6048593799708786
1762899199.1292114,2.9845060798221357,4.420741046382284,2.3945733862771195,-0.004499492023455193,0.502298461368634,9.382890146680676,173.24792450292483,4.165496521452432,-3.3040679813436324
1762899199.3839183,2.9939514259577478,4.42267032416001,2.379690736027392,-0.03236213068127647,0.37006346055127987,9.435027622029473,173.15979103414267,3.5958496322786924,-3.9261949220437775
1762899199.6376925,2.9952907908112714,4.391432627309025,2.4110718426764977,-0.05777890451790267,0.21664302753828032,9.513373522552763,173.15223127467056,3.285953032325751,-4.302135419978933
1762899199.9030979,2.974926880789055,4.339472120882839,2.531203426401094,-0.09669423635132599,0.07945145588255124,9.727129169649116,173.11699988887185,3.0881599718245534,-4.5545034363585
1762899200.1801085,2.978569740927325,4.345100760108062,2.633984038242969,-0.0975699807072395,0.09329284500700011,9.894304890017139,175.1132079967669,2.7476572724878445,-4.666833879184239
1762899200.4635856,2.97585430106043,4.35531368058052,2.4578872866047248,-0.13275139952527826,0.10814594588498123,9.52296960610589,-176.8211765633862,2.920390735986502,-4.409902546117476
1762899200.723325,2.9567323430374173,4.312046598614448,2.414370048395296,-0.07774173852456673,0.021702972078901716,9.475829951105005,-176.3163375687887,2.72517890593,-4.2902791845584325
1762899200.9891498,2.9161482911938745,4.282874154573622,2.408307261630104,-0.13001177841331937,-0.007180513575969393,9.50342880623806,-176.32889036491042,2.767094499639523,-4.648191755318683
1762899201.265432,2.8824708866391355,4.24245225374992,2.5675687080766108,-0.15580797560905038,-0.03883258872748526,9.821029030000595,-176.2940660755139,2.5377817212389333,-4.543873863645565
1762899201.527695,2.8388038929250867,4.236085054372732,2.363584424857805,-0.17674205277651955,-0.0199296176464516,9.375828583235904,-176.4801703725741,2.6153903329977433,-4.812538643186764
1762899201.8315477,2.8614587541135985,4.215115918500706,2.6981293378927584,-0.034303215548413646,0.002203639907018128,10.0080944899456,-179.47426328468953,2.531494296497126,-5.087745340459069
1762899202.1055841,2.867337188166802,4.182187473853923,2.527338836763254,-0.02277959888159648,-0.04681292992156541,9.691750473999718,177.31249185103633,2.1959070029552246,-5.119395464882161
1762899202.3718493,2.8662662690874026,4.157006248383692,2.5844300824844653,-0.013390571667514933,-0.055273572507079066,9.818222285497834,177.3853122232623,2.2332965562008065,-5.199089117272814
1762899202.6266112,2.8760434365463166,4.1486594291374015,2.4681165759923647,0.012488612608449644,-0.041864587192652805,9.531860883850191,177.31961201267305,2.4067055664677777,-5.5459785206246535
1762899202.884279,2.8744562723371,4.1392598841734305,2.6206653006443776,-0.02726324234605862,0.059556783461057514,9.721954536442276,-164.18429368522317,30.016200620581365,62.344102320011814
1762899203.1531653,2.8493966160931383,4.178892154560269,2.6272668230899208,-0.16669559641281972,0.3620185985659072,9.570033824197552,177.38052534505695,2.2188270305391415,-5.220481458156166
1762899203.4184053,2.849956483787255,4.1685807656222975,2.7157740638120482,-0.08400901224182143,0.21493455999264335,9.774447615574083,176.58450811570154,2.115712378811411,-5.43670530142367
1762899203.6971958,2.845578301999527,4.179620423365112,2.4787146822434827,0.018353390811068175,0.18376478643798483,9.269209070573881,167.35445892818473,1.763775722186115,-5.562457450570428
1762899203.9634197,2.8672747564345165,4.184436043927091,2.400709077060796,0.13234076076677978,0.19412865368246046,9.209273311397867,151.51807854053715,0.3484298057710756,-5.280726767733388
1762899204.2358851,2.8898344822544852,4.173697043767661,2.4479264873807036,0.11260393092591209,0.06099685910944571,9.497612131356371,149.25660776386812,0.41568073505059616,-5.140122713532253
1762899204.4947684,2.8781086582969198,4.154247952137713,2.4718221528335547,0.03276724758149633,-0.06509797456267209,9.607061286634037,149.37066081609862,0.4399653173539462,-5.12403075714652
1762899204.7583437,2.873765981024164,4.153309079114382,2.628218043317982,0.041087900717974815,-0.08581269635694441,9.895422887462416,146.91540921000288,0.49333253015982875,-4.884774869878497
1762899205.0190458,2.915591400138594,4.158762082624552,2.5931545900480257,0.2548045055627195,-0.0910687826698654,9.714729711108445,127.8408082672423,-0.9899700420439889,-4.602480203499692
1762899205.2815802,2.9113540499005865,4.168372034427141,2.5586357476924255,0.1929601831977588,-0.16332108507783138,9.64654869125858,118.34344661623939,-1.6318237470000385,-4.344166514866226
1762899205.539276,2.9334522344259053,4.159543066155187,2.5593052445135536,0.2579839227778802,-0.17956651352091946,9.632744586125012,112.60886040928936,-1.6511192053410484,-3.9710840789626785
1762899205.7973611,2.9304602440271674,4.158308465236697,2.5989068247825484,0.23154473976949028,-0.20358288780367353,9.712769069094358,113.1450795742665,-0.97498358010097,-4.093112988718757
1762899206.0577073,2.9484092347239996,4.176686884759964,2.524980497486497,0.2607535794647883,-0.15600915407647573,9.564981459425038,112.50876114040187,-0.20289187359288605,-4.213945789800225
1762899206.3273685,2.963327366258048,4.217533438170298,2.5399981951764077,0.3355787476459607,-0.10623924902767366,9.542198862235812,101.33968293130847,-0.335025373471211,-3.595428599391684
1762899206.5882578,2.9924932769003267,4.27475152296692,2.4461974455105246,0.3261259840626022,0.030380413729161178,9.379334162684952,87.28272058343389,-0.8618425051178764,-3.09848270332311
1762899206.8501663,3.009888425842565,4.296418275127804,2.482784190172027,0.2299324351767795,-0.11732592547665316,9.546013690303983,86.41748225379209,-0.9265461158962114,-3.121449389004984
1762899207.104155,3.019798884691767,4.314801578310354,2.3296089098977166,0.21671204141985415,-0.1828347215547124,9.37605589330404,86.34598427601892,-0.26619215074781316,-3.715726128074361
1762899207.3590987,3.0688250841775035,4.343168242500078,2.365089972928206,0.27009169825703594,-0.1362498962802914,9.476622849378552,86.35613863583937,0.11731131088170557,-4.423634699832913
1762899207.5976412,3.0729323075079313,4.318178099935308,2.278630298193776,0.21793480222433437,-0.1904759509899206,9.275445369424297,86.54241797491267,0.7107596907401289,-4.919386024934831
1762899207.8531575,3.049008016646123,4.2606892471739055,2.5198384114244017,0.13077797304226627,-0.25346011802473195,9.73611557526177,86.69413783133551,1.0787868499065956,-5.14083502114196
1762899208.1261477,3.0195681222697917,4.236351306256844,2.5087430200101104,0.06116889606687813,-0.232495020943458,9.631117299407313,87.32454275255787,1.3634961944947055,-5.216547135713945
1762899208.3888788,3.0017894942829964,4.238710167835444,2.4230011402216114,0.0454373368851523,-0.18195160968904503,9.461547942035555,87.37910324026849,1.1966479041775806,-5.419289217136365
1762899208.6462889,2.9786311719510508,4.2633287591869085,2.5534044611043005,0.013213240657474676,-0.09568551009182276,9.693187846106982,87.4503562747477,1.5581628692398355,-5.433041054171386
1762899208.8958766,2.950101384490072,4.2321920319208415,2.5660346591973493,-0.0060132867264069195,-0.135244380599095,9.669861365670885,87.39910911598932,1.4335048880630499,-5.631700958111588
1762899209.1528685,2.911536215399883,4.203572443910904,2.5530407653097824,-0.05350201242273602,-0.14342311721085896,9.616748790197777,87.52474964153619,1.501354056910467,-5.590556894575737
1762899209.4127672,2.948678808701913,4.176947288849614,2.0059916480517637,0.845906816720421,-0.46723435553689086,0.15313595022741522,87.35650358347337,1.3570594079110936,-5.552975034722283
1762899209.6750395,3.016871995913118,4.161806869728289,1.4022766375277638,0.786977438247264,-0.3775590130586313,1.2415124382893463,87.11229066282193,1.3900794244709977,-5.512205276264476
1762899209.940326,3.0165426866188634,4.17267727336887,1.6929629784019753,0.4614436536832464,-0.267897929609174,5.217252086170044,84.21762784655961,1.1804928017178586,-5.600047607511014
1762899210.2032976,2.9758013736667515,4.1768677622637735,2.041507965732678,0.24203260622825024,-0.1984517400089658,7.586771960620378,79.62534504141023,1.0326450124628084,-5.532742436150509
1762899210.4678235,2.9358454837124466,4.184987060051593,2.3019054288648864,0.08063276743901962,-0.1236606132902036,8.827376969178019,79.05769158877051,1.1710734635072946,-5.491586262225473
1762899210.7326133,2.9085168950133165,4.177988603385098,2.4889768885732355,-0.008913848573912258,-0.11102040576865242,9.454520420483558,79.06358230989042,0.9548561116774201,-5.591593385828381
1762899210.9992774,2.9061566636671885,4.183116210149835,2.484582769130642,0.019671534059986447,-0.0806540330239582,9.528657604768215,78.97781108409798,1.0736172897810736,-5.496536716474512
1762899211.2692928,2.90388707930036,4.188553388948192,2.525916031797225,0.03511344391179752,-0.06667914088239357,9.646331329665495,78.92061616816703,1.3954829389295593,-5.562455390178576
1762899211.5201313,2.445652503551756,4.283303451734997,2.2218138656397,-8.885280145249615,1.6799833641205193,8.290119474690009,78.89142098444856,0.7741114427591257,-5.8740422236385115
1762899211.7769585,1.8387159736542145,4.382708600956454,2.2564192441618047,-7.894727512156075,1.4477379941692132,8.672344804591653,78.79746135381271,1.6613428167214985,-5.664098862615935
1762899212.0463483,2.041396107185105,4.355155840953985,2.4011854715067087,-4.240933859193101,0.7774247140631251,9.252394712873727,78.80610611470591,1.6221657673577532,-5.785967284187743
1762899212.3174593,2.387802256411259,4.255049936857776,2.560450104281002,-1.9115673362625838,0.2618999746985904,9.743729407399218,78.82613371492454,1.5461227767771557,-5.892037801703111
1762899212.5813148,2.6962759251011765,4.241582650180108,2.4517025690604104,-0.6241566491566254,0.12074868881028213,9.589452809214007,78.69345175235446,2.2050247482163323,-5.725268652671282
1762899212.8428307,2.8464609826833214,4.2373560349688315,2.4861309030844687,-0.1288490625917045,0.04903039851993277,9.691767852338337,78.67705749574935,1.6634785559796994,-5.950836610426453
1762899213.1136868,2.9168426674140973,4.231811214729138,2.611255439028104,0.04569425429542277,0.0010202857604046593,9.894432472649635,78.73669803539212,1.8749216886699096,-5.877148772009048
1762899213.367305,2.946517882316586,4.240305616370041,2.357901334713147,0.08413534341547484,0.0004771503753075529,9.350167089883948,78.6298353690206,1.890335579003881,-5.870691898015858
1762899213.6306322,2.9597582733375813,4.238632669813082,2.498591059069512,0.07929586145728584,-0.02174928508824052,9.65030323695856,78.73143243204117,1.7694706329517371,-5.9145984151614055
1762899213.8869557,2.962059077790184,4.236874351610975,2.459645437453848,-0.9906888846479968,0.17776826733013898,9.477457689993436,78.70270998612347,1.83499755035367,-5.89268722259284
1762899214.1650083,1.955670620709793,4.458764442089391,2.3616894941063133,-9.668239162878217,1.9046827008665626,8.567760837172521,78.77286271623926,1.661071057133464,-5.952632406466555
1762899214.4255362,1.9121003429482288,4.472513940266387,2.332999514067641,-6.131372654909192,1.2044380280689595,8.94609468408783,78.73044203705128,1.8133244959062063,-5.900362729581022
1762899214.681332,2.278484537025616,4.370084491375181,2.370102107029652,-3.0301565777600024,0.5256291563529093,9.292593895163796,78.74648139414485,1.6095867184002435,-5.969790920079344
1762899214.9416053,2.6064513348045715,4.307670947346132,2.477842098561839,-1.261573154428249,0.19552199236405898,9.639308361694257,78.7422265439569,1.8678582633793264,-5.885239395680429
1762899215.2016175,2.857187064061172,4.242154625783903,2.3395529834465214,0.05160029264396805,-0.16799141341892254,9.182047418524181,78.65989069661676,1.9261218278944578,-5.7878772810477725
1762899215.4518852,2.9248771774150537,4.202733770509899,2.3600388834209847,0.14614394269399192,-0.17402727965626427,9.33220383401654,78.70616857866231,2.2131864860920842,-5.7648605971319915
1762899215.7088323,2.986677446113414,4.190619652375143,2.0641517075361286,0.8802515615487093,-0.5085271091424253,1.7374799904985367,78.73317173986368,1.8913674471997672,-5.874966069806689
1762899215.9672396,3.0632497545223876,4.178284342611618,1.4010907470172695,0.880496835952803,-0.4555362677151824,1.4549258429468,78.70380737781602,1.9000921412061997,-5.871509246043608
1762899216.2239788,3.042236167048708,4.202409954549462,1.5813808601400123,0.4966607591754112,-0.24312002908555966,5.04775192909298,78.62314111007228,1.9328751104242272,-5.858825304555878
1762899216.483432,3.007923931779557,4.220447006283037,1.9368341360262824,0.2522627011223267,-0.13004201049444974,7.443031043152036,78.70397382572119,1.889998263248164,-5.872417457001684
1762899216.734393,2.9891376540240246,4.247149273279959,2.156481233010008,0.12705813716179595,-0.052450174402883055,8.622778725648454,78.64227072983985,1.7084953085070997,-5.935625586139247
1762899217.0229712,2.979911061762139,4.262431833332872,2.3838085982258086,0.0641081329355672,-0.01794200357039736,9.38239106815551,78.72931309186006,1.9543935073213572,-5.856447565063073
1762899217.277056,2.9656856274337695,4.255312074999807,2.3909677452695153,0.029328171065316447,-0.032959336760369586,9.488192099718596,78.70487051526415,1.9102564164142795,-5.866571040894867
1762899217.5291886,2.9645458748578073,4.251948380685597,2.452618681833549,0.02906623299919106,-0.035072068978545895,9.60344826304224,78.65433089140846,1.965442240401384,-5.852379851865123
1762899217.7838545,2.5536976831959266,4.336398859833674,2.4530965793954143,-8.814200227736524,1.71762329924522,8.72418445712887,78.73312578681283,1.9592237826004395,-5.853141522929321
1762899218.0385628,1.8650945383743776,4.4489720009228595,2.3580981902179188,-8.079376672388394,1.544753353580649,8.700100524271908,78.51385701380316,2.462372189459546,-5.6796349590443125
1762899218.294898,2.0833237673016005,4.402958895943631,2.3410062692099274,-4.616008592201335,0.8720212126173664,9.01265596587733,78.67010595636293,1.9912876145252871,-5.83830859384251
1762899218.554284,2.4272105619336566,4.350921919332265,2.474012896714363,-2.141754536265513,0.42140671212142133,9.448309380451583,78.61613544274064,2.242270482024437,-5.755276951457195
1762899218.8126314,2.7059908865927476,4.307962834422088,2.5043023888011056,-0.8106062016943907,0.16663220492247877,9.604581504584234,78.73757597684592,1.9085707811756307,-5.871981964093712
1762899219.0724547,2.8696401003936476,4.272743888251978,2.5128727763478134,-0.21183744879717678,0.019485513478646212,9.643696662736948,78.72889822036838,1.7994545106111268,-5.90539737120593
1762899219.3353364,2.940969041350082,4.257407373465914,2.5979800596466043,-0.002948925577503798,-0.03304331655084305,9.813032193545258,78.70636735490076,1.920285950270232,-5.863181755128963
1762899219.5840633,2.964965132813191,4.270563712023183,2.384159138437825,0.0459417154507699,-0.005947847448720487,9.391945687808914,78.65944158827308,2.232900130184281,-5.771014890363868
1762899219.840922,2.9638935862504154,4.2525750619068186,2.4997271119881392,0.06850796458114286,-0.058160154708818836,9.579159089338292,78.68595735604814,1.6281916644126446,-5.952783490724502
1762899220.1032832,2.9463044503848366,4.2398449384948025,2.4565334332829307,-0.010727022628399072,-0.052646518900621636,9.470883392903483,78.63551401637066,2.0117418296132166,-5.766039650581129
1762899220.3538308,2.9558769938438143,4.245097467087783,2.4394042352694845,0.06373672449447923,-0.037925568081136174,9.511367504445294,78.76631044813612,1.882893906566972,-5.838542715194128
1762899220.6083121,2.947670574585732,4.239747458285639,2.49126754892125,0.027537904696650364,-0.0453616295245636,9.646203704474585,78.71176948961407,1.999850263211264,-5.798204647477739
1762899221.31949,2.9527848617415815,4.163185723041675,2.747739939740405,0.01785042367661418,-0.14778017293828827,10.12056253981802,78.77629939967866,1.8540245128475845,-5.963805965163255
1762899222.038582,2.9686723147005525,4.214705905905721,2.9699682562633845,0.0329107134400691,-0.05616710992625899,10.528450047284291,78.77679981648164,1.9680040536329266,-5.9238771758411435
