timestamp,tag_id,x,y,z,quality
1771538426.1107926,0,4.409,0.109,0.348,48
1771538426.1107926,1,4.269,-0.195,0.464,56
1771538426.4341152,0,4.405,-0.072,0.315,48
1771538426.4341152,1,4.274,-0.17,0.468,53
1771538426.5080688,0,4.405,-0.072,0.315,48
1771538426.5080688,1,4.274,-0.17,0.468,53
1771538426.5317628,0,4.406,-0.125,0.307,47
1771538426.5317628,1,4.274,-0.17,0.468,53
1771538426.5732958,0,4.406,-0.125,0.307,47
1771538426.5732958,1,4.268,-0.164,0.469,56
1771538426.6190155,0,4.406,-0.125,0.307,47
1771538426.6190155,1,4.268,-0.164,0.469,56
1771538426.6804461,0,4.408,-0.193,0.323,50
1771538426.6804461,1,4.265,-0.092,0.473,57
1771538426.701539,0,4.408,-0.193,0.323,50
1771538426.701539,1,4.265,-0.092,0.473,57
1771538426.7294412,0,4.408,-0.193,0.323,50
1771538426.7294412,1,4.264,-0.053,0.469,56
1771538426.8725522,0,4.421,-0.219,0.318,49
1771538426.8725522,1,4.264,-0.053,0.469,56
1771538426.9205766,0,4.421,-0.219,0.318,49
1771538426.9205766,1,4.264,-0.016,0.473,57
1771538426.989264,0,4.418,-0.21,0.319,49
1771538426.989264,1,4.262,0.015,0.47,56
1771538427.013473,0,4.418,-0.21,0.319,49
1771538427.013473,1,4.262,0.015,0.47,56
1771538427.0415165,0,4.418,-0.21,0.319,49
1771538427.0415165,1,4.262,0.015,0.47,56
1771538427.0970414,0,4.409,-0.295,0.341,50
1771538427.0970414,1,4.262,0.011,0.477,57
1771538427.1356044,0,4.411,-0.327,0.349,50
1771538427.1356044,1,4.262,0.011,0.477,57
1771538427.1875713,0,4.411,-0.327,0.349,50
1771538427.1875713,1,4.266,0.048,0.486,58
1771538427.2127483,0,4.411,-0.327,0.349,50
1771538427.2127483,1,4.266,0.048,0.486,58
1771538427.2431035,0,4.411,-0.327,0.349,50
1771538427.2431035,1,4.267,0.093,0.481,56
1771538427.276685,0,4.415,-0.27,0.322,46
1771538427.276685,1,4.267,0.093,0.481,56
1771538427.3466895,0,4.423,-0.237,0.331,50
1771538427.3466895,1,4.266,0.107,0.493,58
1771538427.400289,0,4.423,-0.237,0.331,50
1771538427.400289,1,4.266,0.107,0.493,58
1771538427.474802,0,4.423,-0.237,0.331,50
1771538427.474802,1,4.279,0.104,0.493,57
1771538427.5659738,0,4.451,-0.117,0.282,42
1771538427.5659738,1,4.28,0.099,0.492,57
1771538427.6351018,0,4.453,-0.069,0.289,48
1771538427.6351018,1,4.292,0.097,0.476,54
1771538427.6663969,0,4.453,-0.069,0.289,48
1771538427.6663969,1,4.292,0.097,0.476,54
1771538427.7077315,0,4.453,-0.069,0.289,48
1771538427.7077315,1,4.292,0.097,0.476,54
1771538427.7548525,0,4.449,0.007,0.285,47
1771538427.7548525,1,4.292,0.097,0.476,54
1771538427.7823992,0,4.449,0.007,0.285,47
1771538427.7823992,1,4.305,0.099,0.458,53
1771538427.827339,0,4.472,0.073,0.286,46
1771538427.827339,1,4.303,0.111,0.461,56
1771538427.874057,0,4.472,0.073,0.286,46
1771538427.874057,1,4.303,0.111,0.461,56
1771538427.950771,0,4.475,0.146,0.271,44
1771538427.950771,1,4.314,0.106,0.475,57
1771538427.976845,0,4.475,0.146,0.271,44
1771538427.976845,1,4.314,0.106,0.475,57
1771538428.001683,0,4.475,0.146,0.271,44
1771538428.001683,1,4.314,0.106,0.475,57
1771538428.026943,0,4.483,0.2,0.252,42
1771538428.026943,1,4.32,0.114,0.487,57
1771538428.0653002,0,4.483,0.2,0.252,42
1771538428.0653002,1,4.32,0.114,0.487,57
1771538428.0818934,0,4.483,0.2,0.252,42
1771538428.0818934,1,4.32,0.114,0.487,57
1771538428.1507413,0,4.49,0.247,0.246,43
1771538428.1507413,1,4.32,0.114,0.487,57
1771538428.182424,0,4.49,0.247,0.246,43
1771538428.182424,1,4.326,0.118,0.493,57
1771538428.2105184,0,4.49,0.247,0.246,43
1771538428.2105184,1,4.326,0.118,0.493,57
1771538428.260823,0,4.49,0.247,0.246,43
1771538428.260823,1,4.326,0.118,0.493,57
1771538428.2807562,0,4.507,0.288,0.225,40
1771538428.2807562,1,4.333,0.087,0.489,56
1771538428.3052816,0,4.507,0.288,0.225,40
1771538428.3052816,1,4.333,0.087,0.489,56
1771538428.3322427,0,4.501,0.314,0.193,39
1771538428.3322427,1,4.338,0.065,0.515,60
1771538428.3517957,0,4.501,0.314,0.193,39
1771538428.3517957,1,4.338,0.065,0.515,60
1771538428.3877711,0,4.501,0.314,0.193,39
1771538428.3877711,1,4.338,0.065,0.515,60
1771538428.4365892,0,4.501,0.314,0.193,39
1771538428.4365892,1,4.332,0.051,0.538,61
1771538428.4984906,0,4.505,0.336,0.214,45
1771538428.4984906,1,4.332,0.051,0.538,61
1771538428.5313716,0,4.505,0.336,0.214,45
1771538428.5313716,1,4.332,0.051,0.538,61
1771538428.5898418,0,4.502,0.361,0.193,39
1771538428.5898418,1,4.343,0.052,0.518,55
1771538428.6216452,0,4.502,0.361,0.193,39
1771538428.6216452,1,4.343,0.052,0.518,55
1771538428.6646004,0,4.503,0.382,0.167,38
1771538428.6646004,1,4.353,0.039,0.544,61
1771538428.7471282,0,4.503,0.382,0.167,38
1771538428.7471282,1,4.353,0.039,0.544,61
1771538428.7770503,0,4.503,0.379,0.171,42
1771538428.7770503,1,4.353,0.039,0.544,61
1771538428.867592,0,4.504,0.386,0.165,40
1771538428.867592,1,4.385,0.047,0.542,59
1771538428.9149911,0,4.504,0.386,0.165,40
1771538428.9149911,1,4.385,0.047,0.542,59
1771538428.939364,0,4.504,0.386,0.165,40
1771538428.939364,1,4.385,0.047,0.542,59
1771538428.9666822,0,4.504,0.386,0.165,40
1771538428.9666822,1,4.399,0.042,0.579,63
1771538428.9867094,0,4.504,0.386,0.165,40
1771538428.9867094,1,4.399,0.042,0.579,63
1771538429.0016928,0,4.504,0.386,0.165,40
1771538429.0016928,1,4.399,0.042,0.579,63
1771538429.017136,0,4.504,0.386,0.165,40
1771538429.017136,1,4.399,0.042,0.579,63
1771538429.037599,0,4.504,0.386,0.165,40
1771538429.037599,1,4.399,0.073,0.589,61
1771538429.0644293,0,4.504,0.386,0.165,40
1771538429.0644293,1,4.399,0.073,0.589,61
1771538429.1392102,0,4.504,0.386,0.165,40
1771538429.1392102,1,4.413,0.092,0.564,55
1771538429.1795774,0,4.504,0.386,0.165,40
1771538429.1795774,1,4.413,0.092,0.564,55
1771538429.256933,0,4.504,0.386,0.165,40
1771538429.256933,1,4.413,0.092,0.564,55
1771538429.3207242,0,4.504,0.386,0.165,40
1771538429.3207242,1,4.412,0.082,0.557,58
1771538429.3635457,0,4.504,0.386,0.165,40
1771538429.3635457,1,4.415,0.082,0.567,60
1771538429.4033058,0,4.504,0.386,0.165,40
1771538429.4033058,1,4.415,0.082,0.567,60
1771538429.454018,0,4.504,0.386,0.165,40
1771538429.454018,1,4.415,0.082,0.567,60
1771538429.4911807,0,4.504,0.386,0.165,40
1771538429.4911807,1,4.418,0.087,0.568,59
1771538429.5257218,0,4.504,0.386,0.165,40
1771538429.5257218,1,4.418,0.087,0.568,59
1771538429.57871,0,4.504,0.386,0.165,40
1771538429.57871,1,4.42,0.072,0.565,58
1771538429.6045136,0,4.504,0.386,0.165,40
1771538429.6045136,1,4.42,0.072,0.565,58
1771538429.6425292,0,4.504,0.386,0.165,40
1771538429.6425292,1,4.42,0.072,0.565,58
1771538429.7005107,0,4.504,0.386,0.165,40
1771538429.7005107,1,4.431,0.05,0.578,60
1771538429.7231393,0,4.504,0.386,0.165,40
1771538429.7231393,1,4.431,0.05,0.578,60
1771538429.7531188,0,4.504,0.386,0.165,40
1771538429.7531188,1,4.429,0.045,0.588,61
1771538429.7935188,0,4.504,0.386,0.165,40
1771538429.7935188,1,4.429,0.045,0.588,61
1771538429.8373456,0,4.504,0.386,0.165,40
1771538429.8373456,1,4.432,0.029,0.617,64
1771538429.8624406,0,4.504,0.386,0.165,40
1771538429.8624406,1,4.432,0.029,0.617,64
1771538429.9264126,0,4.504,0.386,0.165,40
1771538429.9264126,1,4.432,0.029,0.617,64
1771538429.9465497,0,4.504,0.386,0.165,40
1771538429.9465497,1,4.447,0.018,0.619,60
1771538429.9952266,0,4.504,0.386,0.165,40
1771538429.9952266,1,4.447,0.018,0.619,60
1771538430.0392148,0,4.504,0.386,0.165,40
1771538430.0392148,1,4.449,0.005,0.627,62
1771538430.0906885,0,4.504,0.386,0.165,40
1771538430.0906885,1,4.449,0.005,0.627,62
1771538430.1863718,0,4.504,0.386,0.165,40
1771538430.1863718,1,4.449,0.005,0.627,62
1771538430.199301,0,4.504,0.386,0.165,40
1771538430.199301,1,4.451,0.0,0.643,63
1771538430.2535675,0,4.504,0.386,0.165,40
1771538430.2535675,1,4.451,0.0,0.643,63
1771538430.2962844,0,4.504,0.386,0.165,40
1771538430.2962844,1,4.459,0.002,0.659,64
1771538430.3251817,0,4.504,0.386,0.165,40
1771538430.3251817,1,4.459,0.002,0.659,64
1771538430.353882,0,4.504,0.386,0.165,40
1771538430.353882,1,4.463,-0.03,0.677,64
1771538430.3954175,0,4.504,0.386,0.165,40
1771538430.3954175,1,4.463,-0.03,0.677,64
1771538430.4184837,0,4.504,0.386,0.165,40
1771538430.4184837,1,4.463,-0.03,0.677,64
1771538430.452079,0,4.504,0.386,0.165,40
1771538430.452079,1,4.471,-0.029,0.693,65
1771538430.4883265,0,4.504,0.386,0.165,40
1771538430.4883265,1,4.471,-0.029,0.693,65
1771538430.5182571,0,4.504,0.386,0.165,40
1771538430.5182571,1,4.471,-0.029,0.693,65
1771538430.5360057,0,4.504,0.386,0.165,40
1771538430.5360057,1,4.469,-0.054,0.716,66
1771538430.569081,0,4.504,0.386,0.165,40
1771538430.569081,1,4.469,-0.054,0.716,66
1771538430.6136148,0,4.504,0.386,0.165,40
1771538430.6136148,1,4.469,-0.054,0.716,66
1771538430.642113,0,4.504,0.386,0.165,40
1771538430.642113,1,4.48,-0.065,0.728,65
1771538430.676783,0,4.504,0.386,0.165,40
1771538430.676783,1,4.48,-0.065,0.728,65
1771538430.7369401,0,4.504,0.386,0.165,40
1771538430.7369401,1,4.48,-0.065,0.728,65
1771538430.7848012,0,4.504,0.386,0.165,40
1771538430.7848012,1,4.48,-0.065,0.728,65
1771538430.8598714,0,4.504,0.386,0.165,40
1771538430.8598714,1,4.495,-0.07,0.767,70
1771538430.903583,0,4.504,0.386,0.165,40
1771538430.903583,1,4.517,-0.068,0.771,65
1771538430.9910622,0,4.504,0.386,0.165,40
1771538430.9910622,1,4.538,-0.051,0.768,65
1771538431.0234177,0,4.504,0.386,0.165,40
1771538431.0234177,1,4.538,-0.051,0.768,65
1771538431.049551,0,4.504,0.386,0.165,40
1771538431.049551,1,4.555,-0.025,0.756,63
1771538431.0786593,0,4.504,0.386,0.165,40
1771538431.0786593,1,4.555,-0.025,0.756,63
1771538431.0973587,0,4.504,0.386,0.165,40
1771538431.0973587,1,4.555,-0.025,0.756,63
1771538431.1275623,0,4.504,0.386,0.165,40
1771538431.1275623,1,4.555,-0.025,0.756,63
1771538431.1487527,0,4.504,0.386,0.165,40
1771538431.1487527,1,4.58,0.001,0.735,60
1771538431.1772413,0,4.504,0.386,0.165,40
1771538431.1772413,1,4.58,0.001,0.735,60
1771538431.2036045,0,4.504,0.386,0.165,40
1771538431.2036045,1,4.58,0.001,0.735,60
1771538431.2297268,0,4.504,0.386,0.165,40
1771538431.2297268,1,4.58,0.001,0.735,60
1771538431.2509627,0,4.504,0.386,0.165,40
1771538431.2509627,1,4.589,0.019,0.708,59
1771538431.290485,0,4.504,0.386,0.165,40
1771538431.290485,1,4.589,0.019,0.708,59
1771538431.3209507,0,4.504,0.386,0.165,40
1771538431.3209507,1,4.589,0.019,0.708,59
1771538431.3565493,0,4.504,0.386,0.165,40
1771538431.3565493,1,4.614,0.036,0.665,55
1771538431.3857565,0,4.504,0.386,0.165,40
1771538431.3857565,1,4.614,0.036,0.665,55
1771538431.4060733,0,4.504,0.386,0.165,40
1771538431.4060733,1,4.614,0.036,0.665,55
1771538431.428785,0,4.504,0.386,0.165,40
1771538431.428785,1,4.614,0.036,0.665,55
1771538431.4512327,0,4.504,0.386,0.165,40
1771538431.4512327,1,4.639,0.047,0.652,57
1771538431.4711487,0,4.504,0.386,0.165,40
1771538431.4711487,1,4.639,0.047,0.652,57
1771538431.5129821,0,4.504,0.386,0.165,40
1771538431.5129821,1,4.639,0.047,0.652,57
1771538431.5422285,0,4.504,0.386,0.165,40
1771538431.5422285,1,4.639,0.047,0.652,57
1771538431.56313,0,4.504,0.386,0.165,40
1771538431.56313,1,4.654,0.05,0.638,57
1771538431.603196,0,4.504,0.386,0.165,40
1771538431.603196,1,4.654,0.05,0.638,57
1771538431.639548,0,4.504,0.386,0.165,40
1771538431.639548,1,4.673,0.044,0.657,61
1771538431.6596153,0,4.504,0.386,0.165,40
1771538431.6596153,1,4.673,0.044,0.657,61
1771538431.7066002,0,4.504,0.386,0.165,40
1771538431.7066002,1,4.673,0.044,0.657,61
1771538431.729575,0,4.504,0.386,0.165,40
1771538431.729575,1,4.673,0.044,0.657,61
1771538431.7501533,0,4.504,0.386,0.165,40
1771538431.7501533,1,4.687,0.014,0.678,62
1771538431.787649,0,4.504,0.386,0.165,40
1771538431.787649,1,4.687,0.014,0.678,62
1771538431.8230968,0,4.504,0.386,0.165,40
1771538431.8230968,1,4.697,0.006,0.677,60
1771538431.8601477,0,4.504,0.386,0.165,40
1771538431.8601477,1,4.697,0.006,0.677,60
1771538431.8919363,0,4.504,0.386,0.165,40
1771538431.8919363,1,4.697,0.006,0.677,60
1771538431.9232252,0,4.504,0.386,0.165,40
1771538431.9232252,1,4.697,0.006,0.677,60
1771538432.0102656,0,4.504,0.386,0.165,40
1771538432.0102656,1,4.705,0.009,0.667,58
1771538432.0266678,0,4.504,0.386,0.165,40
1771538432.0266678,1,4.705,0.009,0.667,58
1771538432.1218479,0,4.504,0.386,0.165,40
1771538432.1218479,1,4.707,0.036,0.661,59
1771538432.1550403,0,4.504,0.386,0.165,40
1771538432.1550403,1,4.707,0.03,0.681,63
1771538432.1916213,0,4.504,0.386,0.165,40
1771538432.1916213,1,4.707,0.03,0.681,63
1771538432.2206254,0,4.504,0.386,0.165,40
1771538432.2206254,1,4.707,0.03,0.681,63
1771538432.2867773,0,4.504,0.386,0.165,40
1771538432.2867773,1,4.721,0.031,0.701,63
1771538432.342381,0,4.504,0.386,0.165,40
1771538432.342381,1,4.732,0.05,0.707,61
1771538432.393368,0,4.504,0.386,0.165,40
1771538432.393368,1,4.732,0.05,0.707,61
1771538432.4509358,0,4.504,0.386,0.165,40
1771538432.4509358,1,4.732,0.05,0.707,61
1771538432.5052354,0,4.504,0.386,0.165,40
1771538432.5052354,1,4.73,0.06,0.706,61
1771538432.524423,0,4.504,0.386,0.165,40
1771538432.524423,1,4.73,0.06,0.706,61
1771538432.5401719,0,4.504,0.386,0.165,40
1771538432.5401719,1,4.73,0.06,0.706,61
1771538432.5747426,0,4.504,0.386,0.165,40
1771538432.5747426,1,4.73,0.06,0.706,61
1771538432.61727,0,4.504,0.386,0.165,40
1771538432.61727,1,4.73,0.06,0.706,61
1771538432.6692965,0,4.504,0.386,0.165,40
1771538432.6692965,1,4.75,0.084,0.666,53
1771538432.7222793,0,4.504,0.386,0.165,40
1771538432.7222793,1,4.75,0.084,0.666,53
1771538432.7820172,0,4.504,0.386,0.165,40
1771538432.7820172,1,4.756,0.101,0.644,55
1771538432.8134055,0,4.504,0.386,0.165,40
1771538432.8134055,1,4.756,0.101,0.644,55
1771538432.8553803,0,4.504,0.386,0.165,40
1771538432.8553803,1,4.756,0.101,0.644,55
1771538432.8825197,0,4.504,0.386,0.165,40
1771538432.8825197,1,4.766,0.098,0.636,56
1771538432.902101,0,4.504,0.386,0.165,40
1771538432.902101,1,4.766,0.098,0.636,56
1771538432.9311826,0,4.504,0.386,0.165,40
1771538432.9311826,1,4.766,0.098,0.636,56
1771538432.9508722,0,4.504,0.386,0.165,40
1771538432.9508722,1,4.788,0.106,0.617,53
1771538432.9664297,0,4.504,0.386,0.165,40
1771538432.9664297,1,4.788,0.106,0.617,53
1771538432.9901664,0,4.504,0.386,0.165,40
1771538432.9901664,1,4.788,0.106,0.617,53
1771538433.0528045,0,4.504,0.386,0.165,40
1771538433.0528045,1,4.808,0.108,0.611,54
1771538433.1047788,0,4.504,0.386,0.165,40
1771538433.1047788,1,4.808,0.108,0.611,54
1771538433.143595,0,4.504,0.386,0.165,40
1771538433.143595,1,4.808,0.108,0.611,54
1771538433.185309,0,4.504,0.386,0.165,40
1771538433.185309,1,4.813,0.097,0.633,60
1771538433.2422576,0,4.504,0.386,0.165,40
1771538433.2422576,1,4.813,0.097,0.633,60
1771538433.3108466,0,4.504,0.386,0.165,40
1771538433.3108466,1,4.812,0.116,0.631,56
1771538433.355989,0,4.504,0.386,0.165,40
1771538433.355989,1,4.812,0.116,0.631,56
1771538433.3813431,0,4.504,0.386,0.165,40
1771538433.3813431,1,4.81,0.133,0.601,52
1771538433.3999894,0,4.504,0.386,0.165,40
1771538433.3999894,1,4.81,0.133,0.601,52
1771538433.4523563,0,4.504,0.386,0.165,40
1771538433.4523563,1,4.81,0.133,0.601,52
1771538433.4952865,0,4.504,0.386,0.165,40
1771538433.4952865,1,4.81,0.133,0.601,52
1771538433.5428557,0,4.504,0.386,0.165,40
1771538433.5428557,1,4.81,0.133,0.601,52
1771538433.5975995,0,4.504,0.386,0.165,40
1771538433.5975995,1,4.797,0.147,0.545,47
1771538433.632152,0,4.504,0.386,0.165,40
1771538433.632152,1,4.797,0.147,0.545,47
1771538433.6526453,0,4.504,0.386,0.165,40
1771538433.6526453,1,4.797,0.147,0.545,47
1771538433.6770637,0,4.504,0.386,0.165,40
1771538433.6770637,1,4.834,0.144,0.562,54
1771538433.7132347,0,4.504,0.386,0.165,40
1771538433.7132347,1,4.834,0.144,0.562,54
1771538433.7533724,0,4.504,0.386,0.165,40
1771538433.7533724,1,4.834,0.144,0.562,54
1771538433.791175,0,4.504,0.386,0.165,40
1771538433.791175,1,4.836,0.159,0.542,50
1771538433.843378,0,4.504,0.386,0.165,40
1771538433.843378,1,4.836,0.159,0.542,50
1771538433.8681145,0,4.504,0.386,0.165,40
1771538433.8681145,1,4.837,0.152,0.521,49
1771538433.8991165,0,4.504,0.386,0.165,40
1771538433.8991165,1,4.837,0.152,0.521,49
1771538433.9315894,0,4.504,0.386,0.165,40
1771538433.9315894,1,4.837,0.152,0.521,49
1771538433.9537277,0,4.504,0.386,0.165,40
1771538433.9537277,1,4.845,0.163,0.524,52
1771538433.9734914,0,4.504,0.386,0.165,40
1771538433.9734914,1,4.845,0.163,0.524,52
1771538434.0304549,0,4.504,0.386,0.165,40
1771538434.0304549,1,4.845,0.163,0.524,52
1771538434.0683973,0,4.504,0.386,0.165,40
1771538434.0683973,1,4.845,0.163,0.524,52
1771538434.1093657,0,4.504,0.386,0.165,40
1771538434.1093657,1,4.847,0.199,0.506,48
1771538434.123156,0,4.504,0.386,0.165,40
1771538434.123156,1,4.847,0.199,0.506,48
1771538434.1534636,0,4.504,0.386,0.165,40
1771538434.1534636,1,4.847,0.199,0.506,48
1771538434.1910012,0,4.504,0.386,0.165,40
1771538434.1910012,1,4.847,0.199,0.506,48
1771538434.2113307,0,4.504,0.386,0.165,40
1771538434.2113307,1,4.847,0.199,0.506,48
1771538434.2426543,0,4.504,0.386,0.165,40
1771538434.2426543,1,4.847,0.199,0.506,48
1771538434.2829185,0,4.504,0.386,0.165,40
1771538434.2829185,1,4.857,0.213,0.508,50
1771538434.3337684,0,4.504,0.386,0.165,40
1771538434.3337684,1,4.857,0.213,0.508,50
1771538434.3530302,0,4.504,0.386,0.165,40
1771538434.3530302,1,4.857,0.213,0.508,50
1771538434.3913183,0,4.504,0.386,0.165,40
1771538434.3913183,1,4.866,0.221,0.494,48
1771538434.4217792,0,4.504,0.386,0.165,40
1771538434.4217792,1,4.866,0.221,0.494,48
1771538434.4762588,0,4.504,0.386,0.165,40
1771538434.4762588,1,4.877,0.24,0.51,52
1771538434.522086,0,4.504,0.386,0.165,40
1771538434.522086,1,4.877,0.24,0.51,52
1771538434.5685492,0,4.504,0.386,0.165,40
1771538434.5685492,1,4.877,0.24,0.51,52
1771538434.598585,0,4.504,0.386,0.165,40
1771538434.598585,1,4.895,0.237,0.519,51
1771538434.6402004,0,4.504,0.386,0.165,40
1771538434.6402004,1,4.895,0.237,0.519,51
1771538434.6702876,0,4.504,0.386,0.165,40
1771538434.6702876,1,4.895,0.237,0.519,51
1771538434.7349787,0,4.504,0.386,0.165,40
1771538434.7349787,1,4.9,0.232,0.502,48
1771538434.7592478,0,4.504,0.386,0.165,40
1771538434.7592478,1,4.902,0.229,0.512,51
1771538434.7833076,0,4.504,0.386,0.165,40
1771538434.7833076,1,4.902,0.229,0.512,51
1771538434.8528872,0,4.504,0.386,0.165,40
1771538434.8528872,1,4.902,0.229,0.512,51
1771538434.9014173,0,4.504,0.386,0.165,40
1771538434.9014173,1,4.889,0.219,0.493,48
1771538434.9348197,0,4.504,0.386,0.165,40
1771538434.9348197,1,4.889,0.219,0.493,48
1771538434.9720285,0,4.504,0.386,0.165,40
1771538434.9720285,1,4.889,0.219,0.493,48
1771538434.9891062,0,4.504,0.386,0.165,40
1771538434.9891062,1,4.889,0.219,0.493,48
1771538435.022987,0,4.504,0.386,0.165,40
1771538435.022987,1,4.882,0.226,0.479,48
1771538435.0707898,0,4.504,0.386,0.165,40
1771538435.0707898,1,4.886,0.25,0.494,51
1771538435.130927,0,4.504,0.386,0.165,40
1771538435.130927,1,4.886,0.25,0.494,51
1771538435.1585367,0,4.504,0.386,0.165,40
1771538435.1585367,1,4.886,0.25,0.494,51
1771538435.1999993,0,4.504,0.386,0.165,40
1771538435.1999993,1,4.899,0.251,0.516,52
1771538435.2278762,0,4.504,0.386,0.165,40
1771538435.2278762,1,4.899,0.251,0.516,52
1771538435.2848418,0,4.504,0.386,0.165,40
1771538435.2848418,1,4.893,0.271,0.512,49
1771538435.2999997,0,4.504,0.386,0.165,40
1771538435.2999997,1,4.893,0.271,0.512,49
1771538435.3297026,0,4.504,0.386,0.165,40
1771538435.3297026,1,4.893,0.271,0.512,49
1771538435.3702884,0,4.504,0.386,0.165,40
1771538435.3702884,1,4.905,0.28,0.524,51
1771538435.3903713,0,4.504,0.386,0.165,40
1771538435.3903713,1,4.905,0.28,0.524,51
1771538435.4211638,0,4.504,0.386,0.165,40
1771538435.4211638,1,4.905,0.28,0.524,51
1771538435.48078,0,4.504,0.386,0.165,40
1771538435.48078,1,4.914,0.293,0.517,48
1771538435.5004506,0,4.504,0.386,0.165,40
1771538435.5004506,1,4.914,0.293,0.517,48
1771538435.5335498,0,4.504,0.386,0.165,40
1771538435.5335498,1,4.925,0.309,0.533,51
1771538435.5789087,0,4.504,0.386,0.165,40
1771538435.5789087,1,4.925,0.309,0.533,51
1771538435.5995245,0,4.504,0.386,0.165,40
1771538435.5995245,1,4.925,0.309,0.533,51
1771538435.646886,0,4.504,0.386,0.165,40
1771538435.646886,1,4.925,0.309,0.533,51
1771538435.671897,0,4.504,0.386,0.165,40
1771538435.671897,1,4.947,0.305,0.539,50
1771538435.724398,0,4.504,0.386,0.165,40
1771538435.724398,1,4.947,0.305,0.539,50
1771538435.7461956,0,4.504,0.386,0.165,40
1771538435.7461956,1,4.947,0.305,0.539,50
1771538435.7798634,0,4.504,0.386,0.165,40
1771538435.7798634,1,4.955,0.303,0.537,49
1771538435.816639,0,4.504,0.386,0.165,40
1771538435.816639,1,4.955,0.303,0.537,49
1771538435.8728492,0,4.504,0.386,0.165,40
1771538435.8728492,1,4.957,0.314,0.534,49
1771538435.9464972,0,4.504,0.386,0.165,40
1771538435.9464972,1,4.957,0.314,0.534,49
1771538435.9944212,0,4.504,0.386,0.165,40
1771538435.9944212,1,4.963,0.325,0.522,47
1771538436.039775,0,4.504,0.386,0.165,40
1771538436.039775,1,4.963,0.325,0.522,47
1771538436.091907,0,4.504,0.386,0.165,40
1771538436.091907,1,4.988,0.314,0.526,48
1771538436.1134708,0,4.504,0.386,0.165,40
1771538436.1134708,1,4.988,0.314,0.526,48
1771538436.1767018,0,4.504,0.386,0.165,40
1771538436.1767018,1,4.988,0.314,0.526,48
1771538436.2023132,0,4.504,0.386,0.165,40
1771538436.2023132,1,4.988,0.314,0.526,48
1771538436.2859936,0,4.504,0.386,0.165,40
1771538436.2859936,1,5.008,0.366,0.528,45
1771538436.3187106,0,4.504,0.386,0.165,40
1771538436.3187106,1,5.008,0.366,0.528,45
1771538436.3758001,0,4.504,0.386,0.165,40
1771538436.3758001,1,5.017,0.383,0.498,42
1771538436.3994772,0,4.504,0.386,0.165,40
1771538436.3994772,1,5.017,0.383,0.498,42
1771538436.4381967,0,4.504,0.386,0.165,40
1771538436.4381967,1,5.038,0.397,0.503,45
1771538436.479185,0,4.504,0.386,0.165,40
1771538436.479185,1,5.038,0.397,0.503,45
1771538436.553114,0,4.504,0.386,0.165,40
1771538436.553114,1,5.038,0.397,0.503,45
1771538436.6152527,0,4.504,0.386,0.165,40
1771538436.6152527,1,5.039,0.394,0.507,47
1771538436.6856334,0,4.504,0.386,0.165,40
1771538436.6856334,1,5.039,0.411,0.504,45
1771538436.719302,0,4.504,0.386,0.165,40
1771538436.719302,1,5.029,0.433,0.47,41
1771538436.7691317,0,4.504,0.386,0.165,40
1771538436.7691317,1,5.029,0.433,0.47,41
1771538436.7869725,0,4.504,0.386,0.165,40
1771538436.7869725,1,5.029,0.433,0.47,41
1771538436.804592,0,4.504,0.386,0.165,40
1771538436.804592,1,5.029,0.433,0.47,41
1771538436.8640385,0,4.504,0.386,0.165,40
1771538436.8640385,1,5.029,0.433,0.47,41
1771538436.9129033,0,4.504,0.386,0.165,40
1771538436.9129033,1,5.031,0.439,0.477,46
1771538436.9534411,0,4.504,0.386,0.165,40
1771538436.9534411,1,5.031,0.439,0.477,46
1771538436.9917035,0,4.504,0.386,0.165,40
1771538436.9917035,1,5.041,0.445,0.511,50
1771538437.0291467,0,4.504,0.386,0.165,40
1771538437.0291467,1,5.041,0.445,0.511,50
1771538437.0706475,0,4.504,0.386,0.165,40
1771538437.0706475,1,5.052,0.454,0.502,43
1771538437.100976,0,4.504,0.386,0.165,40
1771538437.100976,1,5.052,0.454,0.502,43
1771538437.1372554,0,4.504,0.386,0.165,40
1771538437.1372554,1,5.052,0.454,0.502,43
1771538437.1871014,0,4.504,0.386,0.165,40
1771538437.1871014,1,5.066,0.46,0.518,47
1771538437.245499,0,4.504,0.386,0.165,40
1771538437.245499,1,5.066,0.46,0.518,47
1771538437.2770774,0,4.504,0.386,0.165,40
1771538437.2770774,1,5.068,0.465,0.521,46
1771538437.30692,0,4.504,0.386,0.165,40
1771538437.30692,1,5.068,0.465,0.521,46
1771538437.3388357,0,4.504,0.386,0.165,40
1771538437.3388357,1,5.068,0.465,0.521,46
1771538437.3777385,0,4.504,0.386,0.165,40
1771538437.3777385,1,5.063,0.483,0.519,45
1771538437.3961039,0,4.504,0.386,0.165,40
1771538437.3961039,1,5.063,0.483,0.519,45
1771538437.448885,0,4.504,0.386,0.165,40
1771538437.448885,1,5.063,0.483,0.519,45
1771538437.5331175,0,4.504,0.386,0.165,40
1771538437.5331175,1,5.068,0.487,0.518,45
1771538437.5572143,0,4.504,0.386,0.165,40
1771538437.5572143,1,5.071,0.478,0.524,47
1771538437.623733,0,4.504,0.386,0.165,40
1771538437.623733,1,5.071,0.478,0.524,47
1771538437.6790257,0,4.504,0.386,0.165,40
1771538437.6790257,1,5.081,0.475,0.544,48
1771538437.7288225,0,4.504,0.386,0.165,40
1771538437.7288225,1,5.081,0.475,0.544,48
1771538437.7670665,0,4.504,0.386,0.165,40
1771538437.7670665,1,5.081,0.475,0.544,48
1771538437.8019373,0,4.504,0.386,0.165,40
1771538437.8019373,1,5.081,0.475,0.544,48
1771538437.8359642,0,4.504,0.386,0.165,40
1771538437.8359642,1,5.092,0.481,0.545,46
1771538437.859456,0,4.504,0.386,0.165,40
1771538437.859456,1,5.092,0.481,0.545,46
1771538437.8929799,0,4.504,0.386,0.165,40
1771538437.8929799,1,5.092,0.481,0.545,46
1771538437.9465148,0,4.504,0.386,0.165,40
1771538437.9465148,1,5.107,0.5,0.562,47
1771538437.9881346,0,4.504,0.386,0.165,40
1771538437.9881346,1,5.107,0.5,0.562,47
1771538438.0133023,0,4.504,0.386,0.165,40
1771538438.0133023,1,5.105,0.508,0.53,41
1771538438.0425568,0,4.504,0.386,0.165,40
1771538438.0425568,1,5.105,0.508,0.53,41
1771538438.0824177,0,4.504,0.386,0.165,40
1771538438.0824177,1,5.111,0.517,0.519,43
1771538438.108432,0,4.504,0.386,0.165,40
1771538438.108432,1,5.111,0.517,0.519,43
1771538438.160233,0,4.504,0.386,0.165,40
1771538438.160233,1,5.114,0.524,0.541,47
1771538438.2230957,0,4.504,0.386,0.165,40
1771538438.2230957,1,5.114,0.524,0.541,47
1771538438.261037,0,4.504,0.386,0.165,40
1771538438.261037,1,5.114,0.524,0.541,47
1771538438.2870114,0,4.504,0.386,0.165,40
1771538438.2870114,1,5.118,0.533,0.557,47
1771538438.3204083,0,4.504,0.386,0.165,40
1771538438.3204083,1,5.118,0.533,0.557,47
1771538438.3657157,0,4.504,0.386,0.165,40
1771538438.3657157,1,5.087,0.546,0.548,46
1771538438.389608,0,4.504,0.386,0.165,40
1771538438.389608,1,5.087,0.546,0.548,46
1771538438.412214,0,4.504,0.386,0.165,40
1771538438.412214,1,5.087,0.546,0.548,46
1771538438.4682705,0,4.504,0.386,0.165,40
1771538438.4682705,1,5.083,0.554,0.551,46
1771538438.5430605,0,4.504,0.386,0.165,40
1771538438.5430605,1,5.083,0.554,0.551,46
1771538438.602244,0,4.504,0.386,0.165,40
1771538438.602244,1,5.071,0.595,0.519,40
1771538438.643605,0,4.504,0.386,0.165,40
1771538438.643605,1,5.052,0.601,0.49,41
1771538438.6716163,0,4.504,0.386,0.165,40
1771538438.6716163,1,5.052,0.601,0.49,41
1771538438.6874146,0,4.504,0.386,0.165,40
1771538438.6874146,1,5.052,0.601,0.49,41
1771538438.7109904,0,4.504,0.386,0.165,40
1771538438.7109904,1,5.052,0.601,0.49,41
1771538438.747581,0,4.504,0.386,0.165,40
1771538438.747581,1,5.037,0.597,0.476,43
1771538438.7766604,0,4.504,0.386,0.165,40
1771538438.7766604,1,5.037,0.597,0.476,43
1771538438.7915251,0,4.504,0.386,0.165,40
1771538438.7915251,1,5.037,0.597,0.476,43
1771538438.8586018,0,4.504,0.386,0.165,40
1771538438.8586018,1,5.037,0.603,0.5,46
1771538438.872496,0,4.504,0.386,0.165,40
1771538438.872496,1,5.037,0.603,0.5,46
1771538438.9080005,0,4.504,0.386,0.165,40
1771538438.9080005,1,5.037,0.603,0.5,46
1771538438.9548092,0,4.504,0.386,0.165,40
1771538438.9548092,1,5.037,0.603,0.5,46
1771538439.2984085,0,4.504,0.386,0.165,40
1771538439.2984085,1,5.011,0.647,0.386,37
1771538439.5947292,0,4.504,0.386,0.165,40
1771538439.5947292,1,4.993,0.665,0.367,40
1771538439.6125977,0,4.504,0.386,0.165,40
1771538439.6125977,1,4.993,0.665,0.367,40
1771538439.6460218,0,4.504,0.386,0.165,40
1771538439.6460218,1,4.992,0.666,0.37,39
1771538439.6639228,0,4.504,0.386,0.165,40
1771538439.6639228,1,4.992,0.666,0.37,39
1771538439.68921,0,4.504,0.386,0.165,40
1771538439.68921,1,4.992,0.666,0.37,39
1771538439.7462802,0,4.504,0.386,0.165,40
1771538439.7462802,1,4.992,0.666,0.37,39
1771538439.7898395,0,4.504,0.386,0.165,40
1771538439.7898395,1,4.999,0.674,0.369,38
1771538439.829634,0,4.504,0.386,0.165,40
1771538439.829634,1,4.999,0.674,0.369,38
1771538439.8588197,0,4.504,0.386,0.165,40
1771538439.8588197,1,4.999,0.674,0.369,38
1771538439.8911285,0,4.504,0.386,0.165,40
1771538439.8911285,1,4.992,0.684,0.375,40
1771538439.9230304,0,4.504,0.386,0.165,40
1771538439.9230304,1,4.992,0.684,0.375,40
1771538439.9518304,0,4.504,0.386,0.165,40
1771538439.9518304,1,4.992,0.684,0.375,40
1771538439.9756815,0,4.504,0.386,0.165,40
1771538439.9756815,1,4.989,0.684,0.367,38
1771538439.9906785,0,4.504,0.386,0.165,40
1771538439.9906785,1,4.989,0.684,0.367,38
1771538440.0281827,0,4.504,0.386,0.165,40
1771538440.0281827,1,4.989,0.684,0.367,38
1771538440.053848,0,4.504,0.386,0.165,40
1771538440.053848,1,4.989,0.684,0.367,38
1771538440.0878587,0,4.504,0.386,0.165,40
1771538440.0878587,1,4.989,0.686,0.363,38
1771538440.115658,0,4.504,0.386,0.165,40
1771538440.115658,1,4.989,0.686,0.363,38
1771538440.142962,0,4.504,0.386,0.165,40
1771538440.142962,1,4.993,0.682,0.346,36
1771538440.172259,0,4.504,0.386,0.165,40
1771538440.172259,1,4.993,0.682,0.346,36
1771538440.1881335,0,4.504,0.386,0.165,40
1771538440.1881335,1,4.993,0.682,0.346,36
1771538440.2073474,0,4.504,0.386,0.165,40
1771538440.2073474,1,4.993,0.682,0.346,36
1771538440.247769,0,4.504,0.386,0.165,40
1771538440.247769,1,4.992,0.671,0.343,38
1771538440.2702396,0,4.504,0.386,0.165,40
1771538440.2702396,1,4.992,0.671,0.343,38
1771538440.2935054,0,4.504,0.386,0.165,40
1771538440.2935054,1,4.992,0.671,0.343,38
1771538440.3331993,0,4.504,0.386,0.165,40
1771538440.3331993,1,4.992,0.671,0.343,38
1771538440.3913152,0,4.504,0.386,0.165,40
1771538440.3913152,1,4.999,0.676,0.345,37
1771538440.422969,0,4.504,0.386,0.165,40
1771538440.422969,1,4.999,0.676,0.345,37
1771538440.4731226,0,4.504,0.386,0.165,40
1771538440.4731226,1,5.003,0.682,0.332,35
1771538440.507508,0,4.504,0.386,0.165,40
1771538440.507508,1,5.003,0.682,0.332,35
1771538440.524217,0,4.504,0.386,0.165,40
1771538440.524217,1,5.003,0.682,0.332,35
1771538440.562732,0,4.504,0.386,0.165,40
1771538440.562732,1,5.008,0.686,0.341,38
1771538440.5827909,0,4.504,0.386,0.165,40
1771538440.5827909,1,5.008,0.686,0.341,38
1771538440.6025991,0,4.504,0.386,0.165,40
1771538440.6025991,1,5.008,0.686,0.341,38
1771538440.6293368,0,4.504,0.386,0.165,40
1771538440.6293368,1,5.008,0.686,0.341,38
1771538440.6473022,0,4.504,0.386,0.165,40
1771538440.6473022,1,5.005,0.691,0.347,38
1771538440.6745722,0,4.504,0.386,0.165,40
1771538440.6745722,1,5.005,0.691,0.347,38
1771538440.7028646,0,4.504,0.386,0.165,40
1771538440.7028646,1,5.005,0.691,0.347,38
1771538440.7447524,0,4.504,0.386,0.165,40
1771538440.7447524,1,5.0,0.691,0.357,39
1771538440.794537,0,4.504,0.386,0.165,40
1771538440.794537,1,5.0,0.691,0.357,39
1771538440.8240921,0,4.504,0.386,0.165,40
1771538440.8240921,1,5.0,0.691,0.357,39
1771538440.8887084,0,4.504,0.386,0.165,40
1771538440.8887084,1,4.998,0.68,0.356,39
1771538440.9051101,0,4.504,0.386,0.165,40
1771538440.9051101,1,4.998,0.68,0.356,39
1771538440.941008,0,4.504,0.386,0.165,40
1771538440.941008,1,5.0,0.686,0.341,36
1771538440.9767935,0,4.504,0.386,0.165,40
1771538440.9767935,1,5.0,0.686,0.341,36
1771538441.0179808,0,4.504,0.386,0.165,40
1771538441.0179808,1,5.0,0.686,0.341,36
1771538441.0840147,0,4.504,0.386,0.165,40
1771538441.0840147,1,5.003,0.676,0.344,38
1771538441.111447,0,4.504,0.386,0.165,40
1771538441.111447,1,5.003,0.676,0.344,38
1771538441.1767206,0,4.504,0.386,0.165,40
1771538441.1767206,1,4.995,0.676,0.357,40
1771538441.214073,0,4.504,0.386,0.165,40
1771538441.214073,1,4.995,0.676,0.357,40
1771538441.2576048,0,4.504,0.386,0.165,40
1771538441.2576048,1,5.002,0.672,0.346,36
1771538441.295865,0,4.504,0.386,0.165,40
1771538441.295865,1,5.002,0.672,0.346,36
1771538441.3215065,0,4.504,0.386,0.165,40
1771538441.3215065,1,5.002,0.672,0.346,36
1771538441.3650358,0,4.504,0.386,0.165,40
1771538441.3650358,1,4.993,0.662,0.359,41
1771538441.3919992,0,4.504,0.386,0.165,40
1771538441.3919992,1,4.993,0.662,0.359,41
1771538441.4268386,0,4.504,0.386,0.165,40
1771538441.4268386,1,4.993,0.662,0.359,41
1771538441.4785874,0,4.504,0.386,0.165,40
1771538441.4785874,1,4.993,0.662,0.359,41
1771538441.50439,0,4.504,0.386,0.165,40
1771538441.50439,1,4.993,0.662,0.359,41
1771538441.5493305,0,4.504,0.386,0.165,40
1771538441.5493305,1,4.992,0.666,0.37,40
1771538441.5742316,0,4.504,0.386,0.165,40
1771538441.5742316,1,4.992,0.666,0.37,40
1771538441.5916207,0,4.504,0.386,0.165,40
1771538441.5916207,1,4.992,0.666,0.37,40
1771538441.6217413,0,4.504,0.386,0.165,40
1771538441.6217413,1,4.992,0.666,0.37,40
1771538441.652305,0,4.504,0.386,0.165,40
1771538441.652305,1,4.992,0.666,0.37,40
1771538441.699226,0,4.504,0.386,0.165,40
1771538441.699226,1,4.988,0.667,0.373,40
1771538441.7418664,0,4.504,0.386,0.165,40
1771538441.7418664,1,4.988,0.667,0.373,40
1771538441.7705872,0,4.504,0.386,0.165,40
1771538441.7705872,1,4.993,0.659,0.373,39
1771538441.805364,0,4.504,0.386,0.165,40
1771538441.805364,1,4.993,0.659,0.373,39
1771538441.856881,0,4.504,0.386,0.165,40
1771538441.856881,1,4.99,0.661,0.378,40
1771538441.9137244,0,4.504,0.386,0.165,40
1771538441.9137244,1,4.99,0.661,0.378,40
1771538441.9605803,0,4.504,0.386,0.165,40
1771538441.9605803,1,4.99,0.661,0.378,40
1771538441.9833095,0,4.504,0.386,0.165,40
1771538441.9833095,1,4.983,0.667,0.367,38
1771538441.9995492,0,4.504,0.386,0.165,40
1771538441.9995492,1,4.983,0.667,0.367,38
1771538442.0537899,0,4.504,0.386,0.165,40
1771538442.0537899,1,4.983,0.667,0.367,38
1771538442.089614,0,4.504,0.386,0.165,40
1771538442.089614,1,4.996,0.662,0.361,37
1771538442.117874,0,4.504,0.386,0.165,40
1771538442.117874,1,4.996,0.662,0.361,37
1771538442.1581447,0,4.504,0.386,0.165,40
1771538442.1581447,1,4.996,0.665,0.35,37
1771538442.2007365,0,4.504,0.386,0.165,40
1771538442.2007365,1,4.996,0.665,0.35,37
1771538442.230481,0,4.504,0.386,0.165,40
1771538442.230481,1,4.996,0.665,0.35,37
1771538442.302684,0,4.504,0.386,0.165,40
1771538442.302684,1,4.998,0.675,0.339,36
1771538442.3356886,0,4.504,0.386,0.165,40
1771538442.3356886,1,4.993,0.668,0.348,40
1771538442.3731115,0,4.504,0.386,0.165,40
1771538442.3731115,1,4.993,0.668,0.348,40
1771538442.4300315,0,4.504,0.386,0.165,40
1771538442.4300315,1,4.993,0.668,0.348,40
1771538442.469593,0,4.504,0.386,0.165,40
1771538442.469593,1,5.002,0.668,0.345,37
1771538442.5058987,0,4.504,0.386,0.165,40
1771538442.5058987,1,5.002,0.668,0.345,37
1771538442.54605,0,4.504,0.386,0.165,40
1771538442.54605,1,4.995,0.667,0.332,37
1771538442.576531,0,4.504,0.386,0.165,40
1771538442.576531,1,4.995,0.667,0.332,37
1771538442.6169806,0,4.504,0.386,0.165,40
1771538442.6169806,1,4.995,0.667,0.332,37
1771538442.6331625,0,4.504,0.386,0.165,40
1771538442.6331625,1,4.995,0.667,0.332,37
1771538442.693555,0,4.504,0.386,0.165,40
1771538442.693555,1,4.991,0.679,0.336,38
1771538442.7309842,0,4.504,0.386,0.165,40
1771538442.7309842,1,4.991,0.679,0.336,38
1771538442.7821703,0,4.504,0.386,0.165,40
1771538442.7821703,1,4.991,0.679,0.336,38
1771538442.811975,0,4.504,0.386,0.165,40
1771538442.811975,1,4.99,0.676,0.331,37
1771538442.8653176,0,5.169,0.83,0.576,41
1771538442.8653176,1,4.99,0.676,0.331,37
1771538442.8856285,0,5.169,0.83,0.576,41
1771538442.8856285,1,4.987,0.666,0.336,39
1771538442.9037983,0,5.169,0.83,0.576,41
1771538442.9037983,1,4.987,0.666,0.336,39
1771538442.940325,0,5.159,0.842,0.548,37
1771538442.940325,1,4.993,0.673,0.341,38
1771538442.9582329,0,5.159,0.842,0.548,37
1771538442.9582329,1,4.993,0.673,0.341,38
1771538442.972329,0,5.159,0.842,0.548,37
1771538442.972329,1,4.993,0.673,0.341,38
1771538442.9879587,0,5.159,0.842,0.548,37
1771538442.9879587,1,4.993,0.673,0.341,38
1771538443.0107694,0,5.159,0.842,0.548,37
1771538443.0107694,1,4.993,0.673,0.341,38
1771538443.068912,0,5.147,0.855,0.533,38
1771538443.068912,1,4.994,0.671,0.342,38
1771538443.087519,0,5.147,0.855,0.533,38
1771538443.087519,1,4.994,0.671,0.342,38
1771538443.1070316,0,5.147,0.855,0.533,38
1771538443.1070316,1,4.994,0.671,0.342,38
1771538443.1625197,0,5.144,0.854,0.51,36
1771538443.1625197,1,4.988,0.673,0.324,36
1771538443.1924202,0,5.144,0.854,0.51,36
1771538443.1924202,1,4.988,0.673,0.324,36
1771538443.207425,0,5.144,0.854,0.51,36
1771538443.207425,1,4.988,0.673,0.324,36
1771538443.2324495,0,5.152,0.868,0.496,35
1771538443.2324495,1,4.988,0.673,0.324,36
1771538443.263508,0,5.152,0.868,0.496,35
1771538443.263508,1,4.988,0.673,0.324,36
1771538443.3095899,0,5.152,0.868,0.496,35
1771538443.3095899,1,4.992,0.669,0.325,37
1771538443.348963,0,5.151,0.864,0.496,38
1771538443.348963,1,4.992,0.669,0.325,37
1771538443.3800752,0,5.151,0.864,0.496,38
1771538443.3800752,1,4.991,0.676,0.324,37
1771538443.410551,0,5.151,0.864,0.496,38
1771538443.410551,1,4.991,0.676,0.324,37
1771538443.4424145,0,5.155,0.877,0.501,37
1771538443.4424145,1,4.991,0.676,0.324,37
1771538443.4574387,0,5.155,0.877,0.501,37
1771538443.4574387,1,4.988,0.671,0.323,37
1771538443.4970376,0,5.155,0.877,0.501,37
1771538443.4970376,1,4.988,0.671,0.323,37
1771538443.5237563,0,5.155,0.877,0.501,37
1771538443.5237563,1,4.988,0.671,0.323,37
1771538443.550957,0,5.155,0.877,0.501,37
1771538443.550957,1,4.988,0.671,0.323,37
1771538443.622666,0,5.157,0.863,0.492,37
1771538443.622666,1,4.98,0.673,0.326,38
1771538443.6845603,0,5.152,0.873,0.485,36
1771538443.6845603,1,4.979,0.684,0.35,40
1771538443.7192917,0,5.152,0.873,0.485,36
1771538443.7192917,1,4.979,0.684,0.35,40
1771538443.7536402,0,5.142,0.869,0.497,40
1771538443.7536402,1,4.989,0.679,0.355,39
1771538443.805866,0,5.142,0.869,0.497,40
1771538443.805866,1,4.989,0.679,0.355,39
1771538443.8568454,0,5.134,0.876,0.507,39
1771538443.8568454,1,4.988,0.675,0.364,40
1771538443.8711889,0,5.134,0.876,0.507,39
1771538443.8711889,1,4.988,0.675,0.364,40
1771538443.8967063,0,5.134,0.876,0.507,39
1771538443.8967063,1,4.988,0.675,0.364,40
1771538443.9331932,0,5.134,0.876,0.507,39
1771538443.9331932,1,4.988,0.675,0.364,40
1771538443.9986382,0,5.139,0.881,0.506,37
1771538443.9986382,1,4.984,0.671,0.366,39
1771538444.0297036,0,5.14,0.881,0.502,37
1771538444.0297036,1,4.984,0.671,0.366,39
1771538444.0434084,0,5.14,0.881,0.502,37
1771538444.0434084,1,4.984,0.671,0.366,39
1771538444.0946496,0,5.14,0.881,0.502,37
1771538444.0946496,1,4.978,0.676,0.352,37
1771538444.1290975,0,5.149,0.878,0.482,34
1771538444.1290975,1,4.978,0.676,0.352,37
1771538444.148562,0,5.149,0.878,0.482,34
1771538444.148562,1,4.982,0.668,0.369,41
1771538444.1698267,0,5.149,0.878,0.482,34
1771538444.1698267,1,4.982,0.668,0.369,41
1771538444.201533,0,5.149,0.878,0.482,34
1771538444.201533,1,4.982,0.668,0.369,41
1771538444.2897115,0,5.145,0.88,0.492,38
1771538444.2897115,1,4.976,0.662,0.372,40
1771538444.3433313,0,5.14,0.888,0.491,37
1771538444.3433313,1,4.976,0.662,0.372,40
1771538444.3699248,0,5.14,0.888,0.491,37
1771538444.3699248,1,4.976,0.662,0.372,40
1771538444.3926675,0,5.14,0.888,0.491,37
1771538444.3926675,1,4.972,0.664,0.367,39
1771538444.429124,0,5.14,0.888,0.491,37
1771538444.429124,1,4.972,0.664,0.367,39
1771538444.454367,0,5.141,0.897,0.507,39
1771538444.454367,1,4.963,0.672,0.349,37
1771538444.475591,0,5.141,0.897,0.507,39
1771538444.475591,1,4.963,0.672,0.349,37
1771538444.4940636,0,5.141,0.897,0.507,39
1771538444.4940636,1,4.963,0.672,0.349,37
1771538444.5604532,0,5.133,0.895,0.495,37
1771538444.5604532,1,4.963,0.679,0.344,37
1771538444.5804462,0,5.133,0.895,0.495,37
1771538444.5804462,1,4.963,0.679,0.344,37
1771538444.616712,0,5.133,0.895,0.495,37
1771538444.616712,1,4.963,0.679,0.344,37
1771538444.657735,0,5.13,0.888,0.504,39
1771538444.657735,1,4.963,0.679,0.344,37
1771538444.6876762,0,5.13,0.888,0.504,39
1771538444.6876762,1,4.964,0.676,0.344,38
1771538444.7175386,0,5.13,0.888,0.504,39
1771538444.7175386,1,4.964,0.676,0.344,38
1771538444.7555254,0,5.139,0.879,0.491,36
1771538444.7555254,1,4.979,0.665,0.336,37
1771538444.7725456,0,5.139,0.879,0.491,36
1771538444.7725456,1,4.979,0.665,0.336,37
1771538444.800521,0,5.139,0.879,0.491,36
1771538444.800521,1,4.979,0.665,0.336,37
1771538444.8302908,0,5.136,0.887,0.492,37
1771538444.8302908,1,4.979,0.665,0.336,37
1771538444.8837748,0,5.136,0.887,0.492,37
1771538444.8837748,1,4.979,0.665,0.336,37
1771538444.9256847,0,5.136,0.887,0.492,37
1771538444.9256847,1,4.979,0.665,0.336,37
1771538444.9501143,0,5.128,0.875,0.482,37
1771538444.9501143,1,4.99,0.673,0.335,37
1771538444.9714808,0,5.128,0.875,0.482,37
1771538444.9714808,1,4.99,0.673,0.335,37
1771538444.9970977,0,5.128,0.875,0.482,37
1771538444.9970977,1,4.987,0.669,0.347,40
1771538445.0270827,0,5.131,0.879,0.488,38
1771538445.0270827,1,4.987,0.669,0.347,40
1771538445.058491,0,5.131,0.879,0.488,38
1771538445.058491,1,4.988,0.661,0.36,41
1771538445.0984235,0,5.131,0.879,0.488,38
1771538445.0984235,1,4.988,0.661,0.36,41
1771538445.1445808,0,5.131,0.879,0.488,38
1771538445.1445808,1,4.988,0.661,0.36,41
1771538445.1855717,0,5.124,0.877,0.489,38
1771538445.1855717,1,4.994,0.659,0.35,37
1771538445.2348375,0,5.14,0.873,0.483,36
1771538445.2348375,1,4.994,0.659,0.35,37
1771538445.2927103,0,5.14,0.873,0.483,36
1771538445.2927103,1,4.991,0.667,0.357,39
1771538445.336223,0,5.151,0.876,0.481,36
1771538445.336223,1,4.991,0.667,0.357,39
1771538445.3869135,0,5.151,0.876,0.481,36
1771538445.3869135,1,4.991,0.667,0.357,39
1771538445.4270723,0,5.151,0.876,0.481,36
1771538445.4270723,1,4.998,0.666,0.353,37
1771538445.4820092,0,5.154,0.889,0.468,34
1771538445.4820092,1,4.99,0.676,0.367,40
1771538445.5125973,0,5.154,0.889,0.468,34
1771538445.5125973,1,4.99,0.676,0.367,40
1771538445.5332458,0,5.154,0.889,0.468,34
1771538445.5332458,1,4.99,0.676,0.367,40
1771538445.5622885,0,5.154,0.881,0.483,39
1771538445.5622885,1,4.991,0.679,0.362,38
1771538445.6199465,0,5.154,0.881,0.483,39
1771538445.6199465,1,4.991,0.679,0.362,38
1771538445.653903,0,5.156,0.88,0.488,37
1771538445.653903,1,4.995,0.683,0.342,35
1771538445.700929,0,5.156,0.88,0.488,37
1771538445.700929,1,4.995,0.683,0.342,35
1771538445.7235887,0,5.153,0.879,0.487,37
1771538445.7235887,1,4.995,0.683,0.342,35
1771538445.7546694,0,5.153,0.879,0.487,37
1771538445.7546694,1,4.995,0.683,0.342,35
1771538445.7933483,0,5.153,0.879,0.487,37
1771538445.7933483,1,4.986,0.687,0.335,37
1771538445.8198647,0,5.153,0.879,0.487,37
1771538445.8198647,1,4.986,0.687,0.335,37
1771538445.8549998,0,5.147,0.877,0.485,37
1771538445.8549998,1,4.98,0.689,0.321,36
1771538445.8975167,0,5.147,0.877,0.485,37
1771538445.8975167,1,4.98,0.689,0.321,36
1771538445.934481,0,5.147,0.877,0.485,37
1771538445.934481,1,4.987,0.678,0.309,35
1771538445.9749665,0,5.147,0.877,0.485,37
1771538445.9749665,1,4.987,0.678,0.309,35
1771538446.00351,0,5.147,0.877,0.485,37
1771538446.00351,1,4.987,0.678,0.309,35
1771538446.0400398,0,5.152,0.871,0.474,35
1771538446.0400398,1,4.987,0.678,0.309,35
1771538446.0769858,0,5.152,0.871,0.474,35
1771538446.0769858,1,4.989,0.672,0.331,40
1771538446.107894,0,5.152,0.871,0.474,35
1771538446.107894,1,4.989,0.672,0.331,40
1771538446.1300673,0,5.16,0.875,0.476,36
1771538446.1300673,1,4.989,0.672,0.331,40
1771538446.1480525,0,5.16,0.875,0.476,36
1771538446.1480525,1,4.989,0.672,0.331,40
1771538446.167613,0,5.16,0.875,0.476,36
1771538446.167613,1,4.982,0.673,0.345,40
1771538446.198621,0,5.16,0.875,0.476,36
1771538446.198621,1,4.982,0.673,0.345,40
1771538446.2256453,0,5.159,0.875,0.482,37
1771538446.2256453,1,4.982,0.673,0.345,40
1771538446.2524562,0,5.159,0.875,0.482,37
1771538446.2524562,1,4.986,0.679,0.348,38
1771538446.2725477,0,5.159,0.875,0.482,37
1771538446.2725477,1,4.986,0.679,0.348,38
1771538446.3154116,0,5.159,0.875,0.482,37
1771538446.3154116,1,4.986,0.679,0.348,38
1771538446.3332129,0,5.152,0.874,0.487,38
1771538446.3332129,1,4.986,0.679,0.348,38
1771538446.3598511,0,5.152,0.874,0.487,38
1771538446.3598511,1,4.984,0.687,0.362,40
1771538446.3863072,0,5.152,0.874,0.487,38
1771538446.3863072,1,4.984,0.687,0.362,40
1771538446.4071097,0,5.152,0.874,0.487,38
1771538446.4071097,1,4.984,0.687,0.362,40
1771538446.438715,0,5.146,0.877,0.497,39
1771538446.438715,1,4.984,0.687,0.362,40
1771538446.513814,0,5.146,0.877,0.497,39
1771538446.513814,1,4.996,0.694,0.34,34
1771538446.5356855,0,5.15,0.865,0.504,39
1771538446.5356855,1,4.992,0.688,0.347,39
1771538446.5639822,0,5.15,0.865,0.504,39
1771538446.5639822,1,4.992,0.688,0.347,39
1771538446.6005268,0,5.15,0.865,0.504,39
1771538446.6005268,1,4.992,0.688,0.347,39
1771538446.6199393,0,5.15,0.865,0.504,39
1771538446.6199393,1,4.992,0.688,0.347,39
1771538446.6417582,0,5.157,0.871,0.488,35
1771538446.6417582,1,4.983,0.679,0.339,38
1771538446.6659954,0,5.157,0.871,0.488,35
1771538446.6659954,1,4.983,0.679,0.339,38
1771538446.696428,0,5.157,0.871,0.488,35
1771538446.696428,1,4.983,0.679,0.339,38
1771538446.7321622,0,5.164,0.873,0.471,34
1771538446.7321622,1,4.983,0.679,0.339,38
1771538446.7669249,0,5.164,0.873,0.471,34
1771538446.7669249,1,4.98,0.687,0.336,37
1771538446.819795,0,5.16,0.87,0.467,36
1771538446.819795,1,4.98,0.687,0.336,37
1771538446.8653164,0,5.16,0.87,0.467,36
1771538446.8653164,1,4.98,0.687,0.336,37
1771538446.8975568,0,5.16,0.87,0.467,36
1771538446.8975568,1,4.978,0.689,0.342,39
1771538446.9195428,0,5.17,0.876,0.473,36
1771538446.9195428,1,4.978,0.689,0.342,39
1771538446.949025,0,5.17,0.876,0.473,36
1771538446.949025,1,4.979,0.678,0.357,41
1771538446.969097,0,5.17,0.876,0.473,36
1771538446.969097,1,4.979,0.678,0.357,41
1771538446.9921312,0,5.17,0.876,0.473,36
1771538446.9921312,1,4.979,0.678,0.357,41
1771538447.0222518,0,5.169,0.866,0.472,37
1771538447.0222518,1,4.979,0.678,0.357,41
1771538447.045354,0,5.169,0.866,0.472,37
1771538447.045354,1,4.976,0.684,0.357,38
1771538447.0730069,0,5.169,0.866,0.472,37
1771538447.0730069,1,4.976,0.684,0.357,38
1771538447.1284406,0,5.169,0.866,0.472,37
1771538447.1284406,1,4.976,0.684,0.357,38
1771538447.1978173,0,5.155,0.867,0.479,38
1771538447.1978173,1,4.976,0.684,0.357,38
1771538447.2494032,0,5.153,0.88,0.489,37
1771538447.2494032,1,4.971,0.686,0.353,38
1771538447.2872157,0,5.153,0.88,0.489,37
1771538447.2872157,1,4.971,0.686,0.353,38
1771538447.303309,0,5.153,0.88,0.489,37
1771538447.303309,1,4.973,0.683,0.346,37
1771538447.3322124,0,5.154,0.874,0.488,37
1771538447.3322124,1,4.973,0.683,0.346,37
1771538447.3570356,0,5.154,0.874,0.488,37
1771538447.3570356,1,4.971,0.677,0.348,39
1771538447.3807757,0,5.154,0.874,0.488,37
1771538447.3807757,1,4.971,0.677,0.348,39
1771538447.4241512,0,5.154,0.874,0.488,37
1771538447.4241512,1,4.971,0.677,0.348,39
1771538447.4889145,0,5.153,0.876,0.494,38
1771538447.4889145,1,4.966,0.683,0.35,39
1771538447.5730588,0,5.153,0.876,0.494,38
1771538447.5730588,1,4.963,0.683,0.355,39
1771538447.674209,0,5.162,0.889,0.482,35
1771538447.674209,1,4.963,0.683,0.355,39
1771538447.735425,0,5.16,0.89,0.487,37
1771538447.735425,1,4.967,0.677,0.368,41
